provincia,año,total,total_dif,asalariados_0,asalariados_0_dif,asalariados_1_2,asalariados_1_2_dif,asalariados_3_5,asalariados_3_5_dif,asalariados_6_9,asalariados_6_9_dif,asalariados_10_19,asalariados_10_19_dif,asalariados_20_49,asalariados_20_49_dif,asalariados_50_99,asalariados_50_99_dif,asalariados_100_199,asalariados_100_199_dif,asalariados_200_499,asalariados_200_499_dif,asalariados_500_999,asalariados_500_999_dif,asalariados_1000_4999,asalariados_1000_4999_dif,asalariados_5000,asalariados_5000_dif
Albacete,2012,26400,-439,14103,-9,7622,10,2565,-222,1048,-115,607,-76,344,-17,67,-8,28,1,12,-3,1,0,3,0,0,0
Albacete,2011,26839,-417,14112,-109,7612,-151,2787,-40,1163,-32,683,-45,361,-35,75,1,27,-7,15,1,1,0,3,0,0,0
Albacete,2010,27256,-124,14221,191,7763,60,2827,-118,1195,-84,728,-111,396,-51,74,-5,34,-4,14,-3,1,0,3,1,0,0
Albacete,2009,27380,-267,14030,710,7703,-631,2945,-117,1279,-104,839,-46,447,-52,79,-19,38,-4,17,-4,1,0,2,0,0,0
Albacete,2008,27647,579,13320,183,8334,284,3062,52,1383,38,885,6,499,10,98,12,42,-7,21,0,1,1,2,0,0,0
Albacete,2007,27068,1537,13137,813,8050,395,3010,180,1345,87,879,28,489,23,86,3,49,5,21,4,0,-2,2,1,0,0
Albacete,2006,25531,846,12324,210,7655,364,2830,176,1258,49,851,8,466,33,83,1,44,2,17,3,2,0,1,0,0,0
Albacete,2005,24685,1135,12114,709,7291,317,2654,35,1209,-29,843,62,433,23,82,14,42,5,14,-1,2,0,1,0,0,0
Albacete,2004,23550,1003,11405,259,6974,383,2619,233,1238,90,781,21,410,13,68,-5,37,10,15,-3,2,2,1,0,0,0
Albacete,2003,22547,672,11146,30,6591,444,2386,130,1148,40,760,57,397,-32,73,-1,27,0,18,3,0,0,1,1,0,0
Albacete,2002,21875,424,11116,-70,6147,261,2256,51,1108,112,703,31,429,30,74,9,27,0,15,0,0,0,0,0,0,0
Albacete,2001,21451,210,11186,-452,5886,311,2205,189,996,161,672,-11,399,4,65,2,27,4,15,2,0,0,0,0,0,0
Albacete,2000,21241,405,11638,46,5575,101,2016,115,835,18,683,65,395,52,63,8,23,-3,13,4,0,-1,0,0,0,0
Albacete,1999,20836,NULL,11592,NULL,5474,NULL,1901,NULL,817,NULL,618,NULL,343,NULL,55,NULL,26,NULL,9,NULL,1,NULL,0,NULL,0,NULL
Alicante,2012,129728,-1836,72406,-353,35811,255,11487,-1218,5015,-205,2911,-170,1531,-121,358,-22,135,-1,51,-4,14,2,7,0,2,1
Alicante,2011,131564,-1250,72759,2291,35556,-2629,12705,-227,5220,-293,3081,-214,1652,-134,380,-24,136,-17,55,-7,12,3,7,1,1,0
Alicante,2010,132814,-3425,70468,1518,38185,-1895,12932,-1279,5513,-635,3295,-672,1786,-390,404,-38,153,-30,62,-1,9,0,6,-2,1,-1
Alicante,2009,136239,-6068,68950,-654,40080,-2408,14211,-1065,6148,-796,3967,-667,2176,-354,442,-77,183,-22,63,-25,9,0,8,0,2,0
Alicante,2008,142307,2162,69604,1452,42488,778,15276,-55,6944,83,4634,-82,2530,-59,519,8,205,17,88,18,9,3,8,-1,2,0
Alicante,2007,140145,7129,68152,3922,41710,2636,15331,540,6861,-32,4716,5,2589,52,511,-22,188,25,70,1,6,-2,9,3,2,1
Alicante,2006,133016,9683,64230,5520,39074,2223,14791,911,6893,528,4711,310,2537,127,533,44,163,15,69,7,8,-6,6,4,1,0
Alicante,2005,123333,9481,58710,6898,36851,1774,13880,443,6365,145,4401,43,2410,110,489,66,148,2,62,-2,14,2,2,0,1,0
Alicante,2004,113852,2047,51812,-1545,35077,2285,13437,764,6220,329,4358,176,2300,49,423,-29,146,4,64,11,12,3,2,0,1,0
Alicante,2003,111805,4511,53357,1016,32792,2081,12673,845,5891,242,4182,235,2251,78,452,-11,142,28,53,-4,9,1,2,0,1,0
Alicante,2002,107294,3879,52341,953,30711,1734,11828,555,5649,296,3947,227,2173,53,463,43,114,10,57,9,8,-2,2,1,1,0
Alicante,2001,103415,4570,51388,1359,28977,1569,11273,851,5353,697,3720,48,2120,11,420,17,104,13,48,5,10,-1,1,1,1,0
Alicante,2000,98845,5201,50029,2407,27408,1124,10422,755,4656,435,3672,247,2109,180,403,40,91,4,43,5,11,4,0,-1,1,1
Alicante,1999,93644,NULL,47622,NULL,26284,NULL,9667,NULL,4221,NULL,3425,NULL,1929,NULL,363,NULL,87,NULL,38,NULL,7,NULL,1,NULL,0,NULL
Almería,2012,41021,-560,21813,160,12171,22,3981,-463,1610,-81,798,-125,440,-51,100,-11,61,-9,30,-4,12,1,5,1,0,0
Almería,2011,41581,-965,21653,415,12149,-869,4444,-214,1691,-170,923,-48,491,-54,111,-7,70,-16,34,1,11,-2,4,-1,0,0
Almería,2010,42546,-955,21238,136,13018,-319,4658,-315,1861,-131,971,-200,545,-100,118,-20,86,-8,33,0,13,0,5,2,0,0
Almería,2009,43501,-1629,21102,137,13337,-692,4973,-392,1992,-262,1171,-260,645,-106,138,-35,94,-1,33,-15,13,-2,3,-1,0,0
Almería,2008,45130,1160,20965,213,14029,761,5365,90,2254,85,1431,34,751,-36,173,19,95,-3,48,-1,15,-2,4,0,0,0
Almería,2007,43970,3099,20752,1416,13268,1148,5275,312,2169,75,1397,83,787,51,154,-12,98,22,49,-2,17,6,4,0,0,0
Almería,2006,40871,2105,19336,407,12120,665,4963,610,2094,201,1314,157,736,52,166,5,76,-5,51,12,11,0,4,1,0,0
Almería,2005,38766,2506,18929,1557,11455,402,4353,254,1893,141,1157,23,684,93,161,12,81,24,39,-1,11,-1,3,2,0,0
Almería,2004,36260,2313,17372,535,11053,1143,4099,281,1752,219,1134,67,591,62,149,3,57,4,40,-4,12,4,1,-1,0,0
Almería,2003,33947,1848,16837,627,9910,615,3818,398,1533,51,1067,96,529,30,146,20,53,1,44,10,8,1,2,-1,0,0
Almería,2002,32099,1559,16210,495,9295,535,3420,332,1482,69,971,82,499,28,126,15,52,-4,34,5,7,1,3,1,0,0
Almería,2001,30540,627,15715,-491,8760,636,3088,201,1413,263,889,5,471,-9,111,9,56,13,29,-2,6,1,2,1,0,0
Almería,2000,29913,1188,16206,510,8124,322,2887,139,1150,49,884,82,480,64,102,13,43,3,31,5,5,1,1,0,0,0
Almería,1999,28725,NULL,15696,NULL,7802,NULL,2748,NULL,1101,NULL,802,NULL,416,NULL,89,NULL,40,NULL,26,NULL,4,NULL,1,NULL,0,NULL
Álava,2012,20644,-548,9362,-508,6325,-4,2251,-52,1129,-3,791,-21,535,32,132,1,79,9,23,-5,11,1,5,2,1,0
Álava,2011,21192,-483,9870,-168,6329,-201,2303,-51,1132,-35,812,7,503,-39,131,0,70,9,28,-6,10,0,3,1,1,0
Álava,2010,21675,-313,10038,100,6530,-184,2354,-84,1167,27,805,-106,542,-41,131,-8,61,-18,34,0,10,1,2,-1,1,1
Álava,2009,21988,-330,9938,-4,6714,-230,2438,2,1140,-43,911,-31,583,-17,139,-10,79,5,34,-2,9,2,3,-2,0,0
Álava,2008,22318,1642,9942,1038,6944,400,2436,86,1183,33,942,58,600,28,149,-3,74,5,36,-1,7,-2,5,0,0,0
Álava,2007,20676,327,8904,224,6544,26,2350,6,1150,45,884,-21,572,57,152,-6,69,-7,37,1,9,-1,5,3,0,0
Álava,2006,20349,511,8680,423,6518,-67,2344,89,1105,33,905,30,515,-7,158,6,76,5,36,0,10,0,2,-1,0,0
Álava,2005,19838,59,8257,-250,6585,249,2255,28,1072,-69,875,68,522,22,152,10,71,-2,36,4,10,-1,3,0,0,0
Álava,2004,19779,141,8507,-327,6336,298,2227,104,1141,7,807,21,500,31,142,7,73,0,32,0,11,1,3,-1,0,0
Álava,2003,19638,328,8834,-271,6038,387,2123,84,1134,53,786,44,469,7,135,9,73,10,32,4,10,1,4,0,0,0
Álava,2002,19310,299,9105,613,5651,-539,2039,67,1081,121,742,2,462,36,126,-3,63,6,28,-2,9,-2,4,0,0,0
Álava,2001,19011,-35,8492,-451,6190,285,1972,78,960,80,740,17,426,-51,129,2,57,2,30,1,11,3,4,-1,0,0
Álava,2000,19046,662,8943,34,5905,310,1894,130,880,33,723,76,477,54,127,18,55,8,29,-4,8,1,5,2,0,0
Álava,1999,18384,NULL,8909,NULL,5595,NULL,1764,NULL,847,NULL,647,NULL,423,NULL,109,NULL,47,NULL,33,NULL,7,NULL,3,NULL,0,NULL
Asturias,2012,68967,-910,37110,-306,19996,317,6307,-574,2684,-138,1625,-112,821,-81,241,-8,105,-5,56,-2,12,0,8,-1,2,0
Asturias,2011,69877,-485,37416,223,19679,-408,6881,-82,2822,-180,1737,17,902,-34,249,-5,110,-15,58,6,12,-7,9,-1,2,1
Asturias,2010,70362,-1491,37193,-51,20087,-794,6963,-225,3002,-57,1720,-252,936,-85,254,-18,125,-9,52,-1,19,3,10,-2,1,0
Asturias,2009,71853,-1271,37244,-290,20881,-575,7188,-136,3059,-73,1972,-92,1021,-80,272,1,134,-5,53,-18,16,2,12,-5,1,0
Asturias,2008,73124,848,37534,157,21456,382,7324,163,3132,51,2064,63,1101,19,271,4,139,9,71,3,14,-5,17,2,1,0
Asturias,2007,72276,2161,37377,957,21074,871,7161,118,3081,55,2001,62,1082,63,267,14,130,9,68,9,19,-1,15,4,1,0
Asturias,2006,70115,1940,36420,1082,20203,438,7043,272,3026,34,1939,121,1019,-22,253,5,121,8,59,-1,20,3,11,0,1,0
Asturias,2005,68175,1136,35338,706,19765,274,6771,123,2992,12,1818,-35,1041,35,248,17,113,4,60,2,17,-3,11,1,1,0
Asturias,2004,67039,1977,34632,672,19491,861,6648,207,2980,111,1853,85,1006,23,231,15,109,-7,58,3,20,5,10,3,1,-1
Asturias,2003,65062,1853,33960,450,18630,982,6441,305,2869,112,1768,-35,983,64,216,-39,116,16,55,0,15,-1,7,0,2,-1
Asturias,2002,63209,-2092,33510,-2789,17648,279,6136,208,2757,89,1803,63,919,19,255,25,100,8,55,-2,16,6,7,1,3,1
Asturias,2001,65301,2168,36299,529,17369,985,5928,316,2668,320,1740,47,900,-32,230,-1,92,2,57,1,10,0,6,2,2,-1
Asturias,2000,63133,16521,35770,12452,16384,2745,5612,752,2348,299,1693,138,932,99,231,23,90,14,56,0,10,0,4,-1,3,0
Asturias,1999,46612,NULL,23318,NULL,13639,NULL,4860,NULL,2049,NULL,1555,NULL,833,NULL,208,NULL,76,NULL,56,NULL,10,NULL,5,NULL,3,NULL
Ávila,2012,10735,-5,5713,-75,3278,188,1079,-59,365,-28,194,-27,84,-1,11,1,7,-4,2,0,1,0,1,0,0,0
Ávila,2011,10740,-674,5788,-104,3090,-262,1138,-159,393,-84,221,-40,85,-21,10,-5,11,4,2,0,1,-1,1,-2,0,0
Ávila,2010,11414,-41,5892,-27,3352,-53,1297,30,477,10,261,8,106,-7,15,-2,7,-3,2,0,2,1,3,2,0,0
Ávila,2009,11455,-253,5919,-39,3405,-129,1267,-2,467,-28,253,-46,113,-8,17,-2,10,1,2,0,1,0,1,0,0,0
Ávila,2008,11708,274,5958,93,3534,55,1269,60,495,48,299,10,121,7,19,2,9,-1,2,0,1,0,1,0,0,0
Ávila,2007,11434,534,5865,218,3479,201,1209,90,447,-2,289,21,114,5,17,-4,10,5,2,0,1,0,1,0,0,0
Ávila,2006,10900,289,5647,-14,3278,182,1119,61,449,44,268,2,109,10,21,4,5,1,2,0,1,-1,1,0,0,0
Ávila,2005,10611,292,5661,163,3096,68,1058,6,405,26,266,29,99,3,17,-3,4,1,2,0,2,-1,1,0,0,0
Ávila,2004,10319,108,5498,-100,3028,131,1052,52,379,1,237,11,96,12,20,3,3,-1,2,-1,3,0,1,0,0,0
Ávila,2003,10211,356,5598,100,2897,156,1000,63,378,26,226,10,84,-5,17,4,4,-2,3,2,3,1,1,1,0,0
Ávila,2002,9855,13,5498,-103,2741,61,937,25,352,13,216,6,89,8,13,2,6,1,1,0,2,0,0,0,0,0
Ávila,2001,9842,-62,5601,-221,2680,83,912,26,339,60,210,-1,81,-7,11,-2,5,0,1,0,2,0,0,0,0,0
Ávila,2000,9904,162,5822,12,2597,86,886,57,279,-16,211,11,88,12,13,0,5,-1,1,1,2,0,0,0,0,0
Ávila,1999,9742,NULL,5810,NULL,2511,NULL,829,NULL,295,NULL,200,NULL,76,NULL,13,NULL,6,NULL,0,NULL,2,NULL,0,NULL,0,NULL
Badajoz,2012,39433,7,21650,-880,10956,1214,3781,-113,1533,-112,890,-63,431,-33,119,-10,49,3,16,2,6,-1,2,1,0,-1
Badajoz,2011,39426,-313,22530,-109,9742,-23,3894,-80,1645,-50,953,18,464,-48,129,-1,46,-22,14,-1,7,3,1,0,1,0
Badajoz,2010,39739,-1135,22639,223,9765,-997,3974,-110,1695,-21,935,-177,512,-54,130,-6,68,8,15,1,4,-2,1,0,1,0
Badajoz,2009,40874,-484,22416,718,10762,-907,4084,-14,1716,-93,1112,-110,566,-38,136,-26,60,3,14,-18,6,1,1,0,1,0
Badajoz,2008,41358,1190,21698,347,11669,529,4098,124,1809,111,1222,55,604,5,162,15,57,1,32,4,5,-1,1,0,1,0
Badajoz,2007,40168,2123,21351,1222,11140,473,3974,180,1698,108,1167,70,599,58,147,-4,56,9,28,4,6,2,1,0,1,1
Badajoz,2006,38045,993,20129,99,10667,526,3794,182,1590,50,1097,96,541,28,151,16,47,-9,24,5,4,0,1,0,0,0
Badajoz,2005,37052,2080,20030,1334,10141,404,3612,134,1540,97,1001,57,513,12,135,19,56,20,19,2,4,1,1,0,0,0
Badajoz,2004,34972,106,18696,-645,9737,424,3478,269,1443,-17,944,40,501,32,116,4,36,4,17,0,3,-3,1,-2,0,0
Badajoz,2003,34866,822,19341,382,9313,405,3209,16,1460,19,904,-17,469,20,112,-14,32,0,17,4,6,4,3,3,0,0
Badajoz,2002,34044,728,18959,97,8908,247,3193,225,1441,119,921,10,449,24,126,3,32,7,13,-5,2,1,0,0,0,0
Badajoz,2001,33316,-654,18862,-947,8661,72,2968,56,1322,147,911,19,425,-18,123,20,25,3,18,-5,1,-1,0,0,0,0
Badajoz,2000,33970,2262,19809,1180,8589,550,2912,259,1175,140,892,89,443,32,103,4,22,0,23,8,2,0,0,0,0,0
Badajoz,1999,31708,NULL,18629,NULL,8039,NULL,2653,NULL,1035,NULL,803,NULL,411,NULL,99,NULL,22,NULL,15,NULL,2,NULL,0,NULL,0,NULL
"Islas Baleares",2012,85372,-2089,46345,-1315,23735,585,8228,-808,3662,-205,1962,-226,948,-110,267,-2,149,-3,49,-5,13,1,13,-1,1,0
"Islas Baleares",2011,87461,-2101,47660,25,23150,-1517,9036,-213,3867,-102,2188,-177,1058,-67,269,-20,152,-25,54,0,12,-5,14,0,1,0
"Islas Baleares",2010,89562,-2264,47635,-286,24667,-509,9249,-551,3969,-274,2365,-402,1125,-204,289,-24,177,-5,54,-4,17,-3,14,-2,1,0
"Islas Baleares",2009,91826,-1509,47921,754,25176,-1355,9800,-83,4243,-346,2767,-207,1329,-198,313,-7,182,-14,58,-46,20,-6,16,-1,1,0
"Islas Baleares",2008,93335,2081,47167,1389,26531,374,9883,136,4589,32,2974,72,1527,54,320,10,196,12,104,4,26,1,17,-3,1,0
"Islas Baleares",2007,91254,3227,45778,1843,26157,969,9747,232,4557,67,2902,31,1473,48,310,16,184,-3,100,17,25,7,20,1,1,-1
"Islas Baleares",2006,88027,1003,43935,-424,25188,526,9515,285,4490,381,2871,128,1425,77,294,12,187,18,83,-4,18,-2,19,6,2,0
"Islas Baleares",2005,87024,1599,44359,2438,24662,-146,9230,-350,4109,-316,2743,-64,1348,38,282,13,169,-17,87,1,20,4,13,-2,2,0
"Islas Baleares",2004,85425,9474,41921,4683,24808,2885,9580,1216,4425,513,2807,154,1310,33,269,-18,186,-5,86,12,16,-4,15,5,2,0
"Islas Baleares",2003,75951,2593,37238,1076,21923,1192,8364,280,3912,8,2653,25,1277,25,287,-19,191,-2,74,-1,20,8,10,1,2,0
"Islas Baleares",2002,73358,1934,36162,562,20731,718,8084,302,3904,167,2628,122,1252,18,306,11,193,23,75,11,12,-1,9,0,2,1
"Islas Baleares",2001,71424,1850,35600,-365,20013,977,7782,511,3737,594,2506,101,1234,-12,295,10,170,28,64,3,13,2,9,1,1,0
"Islas Baleares",2000,69574,2442,35965,1184,19036,324,7271,364,3143,203,2405,221,1246,92,285,37,142,16,61,1,11,-1,8,0,1,1
"Islas Baleares",1999,67132,NULL,34781,NULL,18712,NULL,6907,NULL,2940,NULL,2184,NULL,1154,NULL,248,NULL,126,NULL,60,NULL,12,NULL,8,NULL,0,NULL
Barcelona,2012,446147,-7338,258810,-4447,109209,1922,37047,-2783,18314,-706,11694,-797,6814,-375,2163,-122,1192,23,583,-35,184,-2,120,-17,17,1
Barcelona,2011,453485,-5433,263257,3004,107287,-6316,39830,-590,19020,-775,12491,-408,7189,-278,2285,-20,1169,-50,618,-12,186,0,137,13,16,-1
Barcelona,2010,458918,-8467,260253,1603,113603,-3545,40420,-2440,19795,-813,12899,-1914,7467,-962,2305,-255,1219,-90,630,-35,186,-5,124,-11,17,0
Barcelona,2009,467385,-10557,258650,525,117148,-6150,42860,-1750,20608,-1229,14813,-984,8429,-732,2560,-71,1309,-48,665,-101,191,-23,135,7,17,-1
Barcelona,2008,477942,8510,258125,4996,123298,3557,44610,-61,21837,-129,15797,-131,9161,96,2631,69,1357,58,766,31,214,16,128,6,18,2
Barcelona,2007,469432,25022,253129,16638,119741,7177,44671,516,21966,157,15928,198,9065,108,2562,130,1299,45,735,53,198,-2,122,3,16,-1
Barcelona,2006,444410,8116,236491,3598,112564,1690,44155,1508,21809,681,15730,355,8957,166,2432,70,1254,33,682,24,200,-8,119,-5,17,4
Barcelona,2005,436294,18869,232893,13373,110874,3912,42647,766,21128,156,15375,110,8791,379,2362,82,1221,63,658,7,208,12,124,8,13,1
Barcelona,2004,417425,19732,219520,9275,106962,7989,41881,1677,20972,474,15265,404,8412,-73,2280,-50,1158,-5,651,25,196,7,116,8,12,1
Barcelona,2003,397693,6120,210245,-88,98973,3993,40204,1508,20498,433,14861,475,8485,-212,2330,-83,1163,60,626,6,189,18,108,9,11,1
Barcelona,2002,391573,17546,210333,9840,94980,4623,38696,1934,20065,481,14386,248,8697,360,2413,45,1103,3,620,-4,171,8,99,7,10,1
Barcelona,2001,374027,221,200493,-4408,90357,1400,36762,753,19584,2654,14138,49,8337,-397,2368,41,1100,79,624,32,163,13,92,4,9,1
Barcelona,2000,373806,-608,204901,-4634,88957,236,36009,1153,16930,858,14089,871,8734,617,2327,173,1021,86,592,15,150,6,88,12,8,-1
Barcelona,1999,374414,NULL,209535,NULL,88721,NULL,34856,NULL,16072,NULL,13218,NULL,8117,NULL,2154,NULL,935,NULL,577,NULL,144,NULL,76,NULL,9,NULL
Vizcaya,2012,82787,-3061,43518,-2377,23674,-629,7382,64,3587,-31,2401,-57,1413,-15,423,-16,215,15,112,-13,35,0,25,-2,2,0
Vizcaya,2011,85848,-1679,45895,-433,24303,-791,7318,-145,3618,-87,2458,-132,1428,-62,439,-19,200,-6,125,-3,35,-2,27,1,2,0
Vizcaya,2010,87527,-603,46328,616,25094,-673,7463,-154,3705,25,2590,-210,1490,-175,458,-9,206,-12,128,-9,37,-1,26,-2,2,1
Vizcaya,2009,88130,-1286,45712,-490,25767,-476,7617,-148,3680,-3,2800,-132,1665,-25,467,-8,218,1,137,-7,38,2,28,2,1,-2
Vizcaya,2008,89416,5207,46202,3803,26243,1002,7765,248,3683,18,2932,103,1690,4,475,16,217,3,144,7,36,2,26,1,3,0
Vizcaya,2007,84209,1668,42399,862,25241,577,7517,51,3665,7,2829,93,1686,58,459,4,214,7,137,5,34,2,25,2,3,0
Vizcaya,2006,82541,2033,41537,1712,24664,-31,7466,186,3658,69,2736,72,1628,7,455,25,207,-6,132,-1,32,3,23,-3,3,0
Vizcaya,2005,80508,1119,39825,30,24695,897,7280,134,3589,-63,2664,51,1621,54,430,17,213,1,133,2,29,-4,26,-1,3,1
Vizcaya,2004,79389,307,39795,-1633,23798,1477,7146,230,3652,113,2613,4,1567,103,413,10,212,-6,131,2,33,2,27,4,2,1
Vizcaya,2003,79082,1383,41428,-973,22321,1463,6916,285,3539,206,2609,186,1464,148,403,55,218,6,129,3,31,2,23,4,1,-2
Vizcaya,2002,77699,-832,42401,1443,20858,-2223,6631,-159,3333,11,2423,61,1316,32,348,-23,212,21,126,2,29,1,19,3,3,-1
Vizcaya,2001,78531,1247,40958,-25,23081,673,6790,287,3322,376,2362,35,1284,-107,371,-20,191,3,124,23,28,-1,16,1,4,2
Vizcaya,2000,77284,1242,40983,-1263,22408,1424,6503,438,2946,340,2327,141,1391,119,391,9,188,26,101,2,29,5,15,2,2,-1
Vizcaya,1999,76042,NULL,42246,NULL,20984,NULL,6065,NULL,2606,NULL,2186,NULL,1272,NULL,382,NULL,162,NULL,99,NULL,24,NULL,13,NULL,3,NULL
Burgos,2012,25196,-12,14025,19,6521,309,2354,-251,1062,-29,674,-22,381,-37,110,9,42,-1,17,-6,7,-2,3,-1,0,0
Burgos,2011,25208,-189,14006,307,6212,-434,2605,-21,1091,-23,696,-7,418,-2,101,-6,43,0,23,-5,9,1,4,1,0,0
Burgos,2010,25397,-170,13699,87,6646,-115,2626,17,1114,2,703,-98,420,-45,107,-6,43,-10,28,-2,8,1,3,-1,0,0
Burgos,2009,25567,-324,13612,206,6761,-329,2609,-61,1112,-82,801,-31,465,-9,113,-8,53,-1,30,-8,7,0,4,-1,0,0
Burgos,2008,25891,519,13406,393,7090,46,2670,3,1194,10,832,21,474,35,121,4,54,2,38,4,7,1,5,0,0,0
Burgos,2007,25372,868,13013,405,7044,219,2667,133,1184,47,811,29,439,25,117,12,52,-3,34,-1,6,0,5,2,0,0
Burgos,2006,24504,771,12608,314,6825,210,2534,127,1137,29,782,61,414,34,105,-11,55,4,35,2,6,1,3,0,0,0
Burgos,2005,23733,851,12294,451,6615,294,2407,18,1108,15,721,19,380,32,116,19,51,-1,33,4,5,0,3,0,0,0
Burgos,2004,22882,723,11843,140,6321,336,2389,130,1093,89,702,28,348,-2,97,4,52,2,29,-4,5,0,3,0,0,0
Burgos,2003,22159,573,11703,119,5985,328,2259,107,1004,-1,674,37,350,-17,93,-10,50,0,33,7,5,1,3,2,0,0
Burgos,2002,21586,271,11584,-59,5657,129,2152,81,1005,71,637,8,367,31,103,15,50,-3,26,-2,4,0,1,0,0,0
Burgos,2001,21315,-178,11643,-437,5528,101,2071,42,934,116,629,-4,336,-15,88,2,53,8,28,6,4,3,1,0,0,0
Burgos,2000,21493,611,12080,179,5427,178,2029,123,818,17,633,76,351,23,86,10,45,7,22,-2,1,0,1,0,0,0
Burgos,1999,20882,NULL,11901,NULL,5249,NULL,1906,NULL,801,NULL,557,NULL,328,NULL,76,NULL,38,NULL,24,NULL,1,NULL,1,NULL,0,NULL
Cáceres,2012,25238,-439,14263,-164,6962,129,2187,-243,924,-100,550,-42,248,-18,68,2,27,-2,7,0,1,0,1,-1,0,0
Cáceres,2011,25677,-157,14427,170,6833,-224,2430,-37,1024,-13,592,6,266,-43,66,-8,29,-6,7,-1,1,-2,2,1,0,0
Cáceres,2010,25834,-473,14257,-301,7057,-36,2467,-20,1037,-38,586,-52,309,-31,74,1,35,4,8,-1,3,1,1,0,0,0
Cáceres,2009,26307,-187,14558,218,7093,-140,2487,-147,1075,-19,638,-63,340,-17,73,-7,31,-7,9,-6,2,1,1,0,0,0
Cáceres,2008,26494,430,14340,-41,7233,221,2634,149,1094,32,701,44,357,9,80,4,38,11,15,4,1,-3,1,0,0,0
Cáceres,2007,26064,1025,14381,455,7012,267,2485,182,1062,54,657,32,348,21,76,12,27,0,11,2,4,0,1,0,0,0
Cáceres,2006,25039,193,13926,-119,6745,215,2303,31,1008,19,625,34,327,14,64,-2,27,1,9,0,4,0,1,0,0,0
Cáceres,2005,24846,4250,14045,3609,6530,450,2272,62,989,53,591,29,313,29,66,19,26,0,9,-1,4,0,1,0,0,0
Cáceres,2004,20596,-2844,10436,-2540,6080,-308,2210,29,936,-19,562,-16,284,9,47,-1,26,6,10,-3,4,0,1,-1,0,0
Cáceres,2003,23440,65,12976,-349,6388,368,2181,-27,955,8,578,43,275,24,48,-5,20,-3,13,1,4,4,2,1,0,0
Cáceres,2002,23375,8926,13325,6048,6020,2094,2208,507,947,179,535,78,251,13,53,6,23,1,12,0,0,0,1,0,0,0
Cáceres,2001,14449,114,7277,-51,3926,70,1701,45,768,71,457,-17,238,-14,47,10,22,2,12,-2,0,0,1,0,0,0
Cáceres,2000,14335,-458,7328,351,3856,-826,1656,-46,697,36,474,-14,252,40,37,-5,20,6,14,1,0,-1,1,0,0,0
Cáceres,1999,14793,NULL,6977,NULL,4682,NULL,1702,NULL,661,NULL,488,NULL,212,NULL,42,NULL,14,NULL,13,NULL,1,NULL,1,NULL,0,NULL
Cádiz,2012,59027,-1157,30453,-728,17413,410,6070,-511,2673,-88,1375,-173,732,-32,194,-22,84,-9,25,-3,4,-2,4,1,0,0
Cádiz,2011,60184,-872,31181,107,17003,-748,6581,56,2761,-122,1548,-32,764,-89,216,-24,93,-12,28,-8,6,1,3,-1,0,0
Cádiz,2010,61056,-1761,31074,-204,17751,-519,6525,-316,2883,-196,1580,-344,853,-128,240,-36,105,-21,36,2,5,2,4,-1,0,0
Cádiz,2009,62817,-1688,31278,-84,18270,-433,6841,-328,3079,-307,1924,-257,981,-186,276,-32,126,-26,34,-26,3,-9,5,0,0,0
Cádiz,2008,64505,1167,31362,145,18703,698,7169,99,3386,129,2181,83,1167,-2,308,-2,152,10,60,5,12,3,5,-1,0,0
Cádiz,2007,63338,1647,31217,-202,18005,1165,7070,464,3257,72,2098,82,1169,25,310,21,142,14,55,6,9,-2,6,2,0,0
Cádiz,2006,61691,2705,31419,1044,16840,758,6606,411,3185,229,2016,167,1144,80,289,9,128,8,49,-4,11,4,4,-1,0,0
Cádiz,2005,58986,1848,30375,754,16082,573,6195,92,2956,229,1849,56,1064,88,280,39,120,11,53,6,7,0,5,0,0,0
Cádiz,2004,57138,2676,29621,867,15509,860,6103,560,2727,164,1793,157,976,56,241,-1,109,10,47,-4,7,7,5,0,0,0
Cádiz,2003,54462,2142,28754,695,14649,843,5543,272,2563,197,1636,77,920,47,242,5,99,-5,51,10,0,-1,5,2,0,0
Cádiz,2002,52320,2245,28059,996,13806,541,5271,321,2366,160,1559,107,873,90,237,16,104,16,41,-2,1,-1,3,1,0,0
Cádiz,2001,50075,4189,27063,2249,13265,923,4950,546,2206,359,1452,93,783,-7,221,26,88,-7,43,7,2,1,2,-1,0,0
Cádiz,2000,45886,-319,24814,-825,12342,41,4404,54,1847,143,1359,131,790,100,195,25,95,10,36,3,1,-2,3,1,0,0
Cádiz,1999,46205,NULL,25639,NULL,12301,NULL,4350,NULL,1704,NULL,1228,NULL,690,NULL,170,NULL,85,NULL,33,NULL,3,NULL,2,NULL,0,NULL
Cantabria,2012,38137,-730,19789,-251,11405,118,3698,-362,1534,-109,933,-96,524,-12,141,-14,67,-4,35,1,7,0,2,-1,2,0
Cantabria,2011,38867,-157,20040,258,11287,-237,4060,-3,1643,-128,1029,2,536,-46,155,-1,71,0,34,-1,7,0,3,-1,2,0
Cantabria,2010,39024,-587,19782,21,11524,-247,4063,-116,1771,-44,1027,-121,582,-63,156,-6,71,-9,35,-1,7,0,4,-1,2,0
Cantabria,2009,39611,-782,19761,121,11771,-493,4179,-173,1815,-61,1148,-83,645,-74,162,-17,80,2,36,-5,7,0,5,1,2,0
Cantabria,2008,40393,833,19640,274,12264,368,4352,189,1876,-17,1231,-10,719,25,179,-6,78,4,41,6,7,-1,4,0,2,1
Cantabria,2007,39560,1870,19366,863,11896,657,4163,185,1893,47,1241,69,694,33,185,7,74,8,35,0,8,2,4,-1,1,0
Cantabria,2006,37690,1129,18503,546,11239,274,3978,148,1846,114,1172,22,661,12,178,9,66,0,35,3,6,1,5,0,1,0
Cantabria,2005,36561,912,17957,279,10965,441,3830,133,1732,38,1150,-4,649,23,169,8,66,-1,32,-5,5,0,5,0,1,0
Cantabria,2004,35649,1632,17678,298,10524,868,3697,205,1694,64,1154,161,626,29,161,-7,67,10,37,3,5,0,5,1,1,0
Cantabria,2003,34017,1000,17380,164,9656,577,3492,135,1630,64,993,19,597,38,168,-5,57,-2,34,9,5,-2,4,3,1,0
Cantabria,2002,33017,729,17216,108,9079,301,3357,161,1566,85,974,36,559,18,173,17,59,5,25,-3,7,1,1,0,1,0
Cantabria,2001,32288,-161,17108,-760,8778,261,3196,138,1481,171,938,8,541,2,156,15,54,5,28,2,6,-1,1,-2,1,0
Cantabria,2000,32449,1002,17868,384,8517,203,3058,220,1310,52,930,80,539,32,141,18,49,8,26,2,7,0,3,3,1,0
Cantabria,1999,31447,NULL,17484,NULL,8314,NULL,2838,NULL,1258,NULL,850,NULL,507,NULL,123,NULL,41,NULL,24,NULL,7,NULL,0,NULL,1,NULL
Castellón,2012,39748,-625,20429,-190,12092,321,3867,-494,1547,-132,934,-79,537,-39,177,-5,88,-10,56,3,15,0,6,0,0,0
Castellón,2011,40373,-424,20619,586,11771,-647,4361,-47,1679,-159,1013,-85,576,-38,182,-24,98,-6,53,-5,15,-1,6,2,0,0
Castellón,2010,40797,-1325,20033,-57,12418,-314,4408,-280,1838,-233,1098,-242,614,-126,206,-42,104,-13,58,-16,16,-2,4,0,0,0
Castellón,2009,42122,-1733,20090,-158,12732,-689,4688,-269,2071,-162,1340,-273,740,-100,248,-43,117,-32,74,-2,18,-2,4,-3,0,0
Castellón,2008,43855,1379,20248,844,13421,344,4957,127,2233,31,1613,28,840,-31,291,33,149,0,76,2,20,1,7,0,0,0
Castellón,2007,42476,2727,19404,1353,13077,944,4830,193,2202,88,1585,93,871,47,258,1,149,3,74,5,19,1,7,-1,0,0
Castellón,2006,39749,1884,18051,556,12133,562,4637,343,2114,226,1492,128,824,44,257,25,146,5,69,-9,18,1,8,3,0,0
Castellón,2005,37865,651,17495,179,11571,361,4294,18,1888,19,1364,15,780,53,232,-8,141,4,78,10,17,-1,5,1,0,0
Castellón,2004,37214,3001,17316,1376,11210,1007,4276,436,1869,53,1349,95,727,34,240,-17,137,7,68,5,18,3,4,2,0,0
Castellón,2003,34213,1447,15940,342,10203,735,3840,164,1816,144,1254,54,693,-2,257,-6,130,7,63,7,15,2,2,0,0,0
Castellón,2002,32766,941,15598,341,9468,288,3676,168,1672,26,1200,96,695,10,263,6,123,7,56,-1,13,0,2,0,0,0
Castellón,2001,31825,104,15257,-827,9180,489,3508,186,1646,244,1104,-8,685,-26,257,28,116,12,57,3,13,2,2,1,0,0
Castellón,2000,31721,1085,16084,573,8691,158,3322,120,1402,89,1112,71,711,59,229,8,104,3,54,2,11,2,1,0,0,0
Castellón,1999,30636,NULL,15511,NULL,8533,NULL,3202,NULL,1313,NULL,1041,NULL,652,NULL,221,NULL,101,NULL,52,NULL,9,NULL,1,NULL,0,NULL
Ceuta,2012,3622,-20,1860,-118,1074,110,368,-3,159,-8,92,-1,48,0,11,-2,8,3,1,-1,1,0,0,0,0,0
Ceuta,2011,3642,27,1978,2,964,24,371,12,167,0,93,-9,48,-1,13,-1,5,0,2,0,1,0,0,0,0,0
Ceuta,2010,3615,-74,1976,17,940,-65,359,-26,167,4,102,2,49,-7,14,0,5,1,2,0,1,0,0,0,0,0
Ceuta,2009,3689,-35,1959,15,1005,-95,385,37,163,6,100,3,56,-1,14,3,4,-3,2,0,1,0,0,0,0,0
Ceuta,2008,3724,-28,1944,-40,1100,29,348,-26,157,20,97,-4,57,-8,11,0,7,-1,2,2,1,0,0,0,0,0
Ceuta,2007,3752,52,1984,-27,1071,36,374,48,137,-15,101,6,65,2,11,-1,8,3,0,0,1,0,0,0,0,0
Ceuta,2006,3700,-35,2011,-31,1035,-47,326,22,152,12,95,12,63,5,12,-4,5,-1,0,-3,1,0,0,0,0,0
Ceuta,2005,3735,68,2042,84,1082,15,304,-28,140,9,83,-12,58,-2,16,2,6,0,3,0,1,0,0,0,0,0
Ceuta,2004,3667,120,1958,-2,1067,81,332,18,131,1,95,14,60,1,14,6,6,0,3,0,1,1,0,0,0,0
Ceuta,2003,3547,82,1960,49,986,29,314,4,130,0,81,0,59,0,8,-1,6,0,3,1,0,0,0,0,0,0
Ceuta,2002,3465,26,1911,20,957,-5,310,6,130,-6,81,-3,59,13,9,0,6,-1,2,2,0,0,0,0,0,0
Ceuta,2001,3439,25,1891,-15,962,-11,304,32,136,20,84,-3,46,-2,9,3,7,2,0,-1,0,0,0,0,0,0
Ceuta,2000,3414,89,1906,19,973,57,272,-2,116,7,87,7,48,1,6,-2,5,2,1,0,0,0,0,0,0,0
Ceuta,1999,3325,NULL,1887,NULL,916,NULL,274,NULL,109,NULL,80,NULL,47,NULL,8,NULL,3,NULL,1,NULL,0,NULL,0,NULL,0,NULL
"Ciudad Real",2012,30600,-529,15983,-115,9066,175,2990,-305,1253,-116,783,-94,380,-66,91,-2,39,-6,12,2,2,-1,1,-1,0,0
"Ciudad Real",2011,31129,-498,16098,55,8891,-352,3295,-40,1369,-68,877,-47,446,-39,93,-9,45,3,10,-1,3,0,2,0,0,0
"Ciudad Real",2010,31627,-419,16043,-130,9243,140,3335,-86,1437,-129,924,-136,485,-53,102,-15,42,-12,11,2,3,-1,2,1,0,0
"Ciudad Real",2009,32046,-965,16173,-50,9103,-401,3421,-169,1566,-61,1060,-150,538,-95,117,-28,54,-1,9,-12,4,4,1,-2,0,0
"Ciudad Real",2008,33011,1130,16223,418,9504,457,3590,111,1627,65,1210,58,633,4,145,9,55,6,21,3,0,-1,3,0,0,0
"Ciudad Real",2007,31881,1435,15805,388,9047,642,3479,244,1562,34,1152,55,629,56,136,7,49,5,18,3,1,1,3,0,0,0
"Ciudad Real",2006,30446,925,15417,263,8405,191,3235,204,1528,152,1097,64,573,30,129,15,44,4,15,1,0,0,3,1,0,0
"Ciudad Real",2005,29521,510,15154,28,8214,233,3031,119,1376,15,1033,63,543,46,114,9,40,-2,14,0,0,-1,2,0,0,0
"Ciudad Real",2004,29011,2233,15126,1105,7981,705,2912,251,1361,58,970,71,497,33,105,-2,42,4,14,7,1,1,2,0,0,0
"Ciudad Real",2003,26778,1191,14021,413,7276,486,2661,138,1303,80,899,25,464,27,107,18,38,2,7,1,0,0,2,1,0,0
"Ciudad Real",2002,25587,152,13608,-243,6790,144,2523,117,1223,54,874,43,437,30,89,1,36,6,6,0,0,0,1,0,0,0
"Ciudad Real",2001,25435,858,13851,154,6646,337,2406,143,1169,181,831,47,407,-10,88,3,30,7,6,-4,0,0,1,0,0,0
"Ciudad Real",2000,24577,-537,13697,-617,6309,-92,2263,35,988,46,784,64,417,28,85,-6,23,3,10,2,0,-1,1,1,0,0
"Ciudad Real",1999,25114,NULL,14314,NULL,6401,NULL,2228,NULL,942,NULL,720,NULL,389,NULL,91,NULL,20,NULL,8,NULL,1,NULL,0,NULL,0,NULL
Córdoba,2012,46601,-864,24823,-505,13623,522,4332,-573,1857,-147,1153,-100,580,-47,138,-21,53,1,34,5,4,0,4,1,0,0
Córdoba,2011,47465,-784,25328,223,13101,-635,4905,-166,2004,-43,1253,-76,627,-67,159,0,52,-22,29,3,4,-1,3,0,0,0
Córdoba,2010,48249,-730,25105,121,13736,-209,5071,-82,2047,-277,1329,-189,694,-67,159,-18,74,-6,26,-1,5,-1,3,-1,0,0
Córdoba,2009,48979,-1078,24984,237,13945,-460,5153,-309,2324,-149,1518,-224,761,-118,177,-35,80,3,27,-19,6,0,4,-4,0,0
Córdoba,2008,50057,755,24747,-1,14405,513,5462,202,2473,13,1742,25,879,-30,212,16,77,8,46,7,6,-2,8,4,0,0
Córdoba,2007,49302,2147,24748,852,13892,762,5260,198,2460,185,1717,71,909,70,196,-3,69,1,39,9,8,0,4,2,0,0
Córdoba,2006,47155,1750,23896,583,13130,517,5062,352,2275,141,1646,101,839,26,199,31,68,-5,30,1,8,3,2,0,0,0
Córdoba,2005,45405,2011,23313,669,12613,793,4710,265,2134,109,1545,78,813,80,168,7,73,3,29,6,5,2,2,-1,0,0
Córdoba,2004,43394,1430,22644,492,11820,496,4445,163,2025,98,1467,124,733,46,161,-1,70,12,23,-1,3,0,3,1,0,0
Córdoba,2003,41964,1483,22152,626,11324,458,4282,274,1927,22,1343,39,687,54,162,-4,58,15,24,-2,3,0,2,1,0,0
Córdoba,2002,40481,1105,21526,-41,10866,620,4008,211,1905,145,1304,129,633,11,166,21,43,8,26,1,3,0,1,0,0,0
Córdoba,2001,39376,-980,21567,-1448,10246,27,3797,290,1760,195,1175,-47,622,9,145,-7,35,-4,25,5,3,0,1,0,0,0
Córdoba,2000,40356,7504,23015,5489,10219,1303,3507,306,1565,125,1222,181,613,72,152,26,39,2,20,-1,3,1,1,0,0,0
Córdoba,1999,32852,NULL,17526,NULL,8916,NULL,3201,NULL,1440,NULL,1041,NULL,541,NULL,126,NULL,37,NULL,21,NULL,2,NULL,1,NULL,0,NULL
"A Coruña",2012,80408,-913,44154,-687,22359,842,7332,-661,3224,-122,1813,-147,981,-110,290,-31,134,-12,80,3,17,7,20,4,4,1
"A Coruña",2011,81321,-1408,44841,613,21517,-1779,7993,-59,3346,-31,1960,-62,1091,-69,321,-13,146,-2,77,-6,10,-1,16,1,3,0
"A Coruña",2010,82729,-1019,44228,221,23296,-570,8052,-130,3377,-148,2022,-235,1160,-118,334,-21,148,-10,83,-2,11,-5,15,-1,3,0
"A Coruña",2009,83748,-472,44007,693,23866,-764,8182,-91,3525,-141,2257,-84,1278,-68,355,-3,158,-4,85,-7,16,0,16,-3,3,0
"A Coruña",2008,84220,1347,43314,453,24630,605,8273,113,3666,34,2341,43,1346,60,358,20,162,6,92,14,16,-2,19,-1,3,2
"A Coruña",2007,82873,3703,42861,2195,24025,961,8160,223,3632,252,2298,10,1286,36,338,15,156,1,78,5,18,3,20,2,1,0
"A Coruña",2006,79170,2147,40666,768,23064,879,7937,294,3380,80,2288,73,1250,13,323,26,155,13,73,2,15,-1,18,0,1,0
"A Coruña",2005,77023,2214,39898,1152,22185,754,7643,93,3300,103,2215,13,1237,57,297,16,142,14,71,11,16,0,18,1,1,0
"A Coruña",2004,74809,3061,38746,1137,21431,1226,7550,398,3197,155,2202,105,1180,43,281,-3,128,8,60,-10,16,1,17,1,1,0
"A Coruña",2003,71748,5472,37609,3221,20205,1663,7152,424,3042,66,2097,66,1137,3,284,26,120,-15,70,15,15,-1,16,5,1,-1
"A Coruña",2002,66276,-3745,34388,-3696,18542,-265,6728,122,2976,10,2031,49,1134,18,258,6,135,6,55,-3,16,1,11,6,2,1
"A Coruña",2001,70021,640,38084,-738,18807,703,6606,307,2966,304,1982,43,1116,-4,252,3,129,19,58,4,15,-2,5,0,1,1
"A Coruña",2000,69381,6214,38822,4044,18104,1172,6299,504,2662,178,1939,136,1120,106,249,39,110,25,54,5,17,5,5,0,0,0
"A Coruña",1999,63167,NULL,34778,NULL,16932,NULL,5795,NULL,2484,NULL,1803,NULL,1014,NULL,210,NULL,85,NULL,49,NULL,12,NULL,5,NULL,0,NULL
Cuenca,2012,13702,-299,7310,-200,4023,207,1354,-222,527,-34,293,-37,142,-12,37,-1,11,0,2,0,1,0,2,0,0,0
Cuenca,2011,14001,-235,7510,102,3816,-312,1576,26,561,-6,330,-42,154,-7,38,9,11,-6,2,0,1,0,2,1,0,0
Cuenca,2010,14236,-511,7408,-356,4128,37,1550,-66,567,-64,372,-22,161,-35,29,-5,17,2,2,-2,1,0,1,0,0,0
Cuenca,2009,14747,-181,7764,348,4091,-370,1616,-73,631,-47,394,-12,196,-18,34,-7,15,0,4,-2,1,0,1,0,0,0
Cuenca,2008,14928,187,7416,-48,4461,68,1689,61,678,77,406,2,214,17,41,4,15,5,6,0,1,1,1,0,0,0
Cuenca,2007,14741,919,7464,432,4393,307,1628,127,601,4,404,41,197,4,37,6,10,-3,6,1,0,0,1,0,0,0
Cuenca,2006,13822,486,7032,17,4086,168,1501,156,597,70,363,31,193,41,31,4,13,0,5,-1,0,0,1,0,0,0
Cuenca,2005,13336,507,7015,224,3918,217,1345,22,527,-12,332,26,152,25,27,2,13,3,6,0,0,0,1,0,0,0
Cuenca,2004,12829,283,6791,-8,3701,125,1323,114,539,14,306,30,127,6,25,1,10,2,6,-1,0,0,1,0,0,0
Cuenca,2003,12546,329,6799,-41,3576,233,1209,94,525,43,276,2,121,-3,24,4,8,-4,7,1,0,0,1,0,0,0
Cuenca,2002,12217,174,6840,-33,3343,139,1115,15,482,24,274,15,124,8,20,1,12,3,6,3,0,-1,1,0,0,0
Cuenca,2001,12043,24,6873,-185,3204,91,1100,50,458,79,259,-10,116,-1,19,2,9,-1,3,-1,1,0,1,0,0,0
Cuenca,2000,12019,332,7058,115,3113,127,1050,42,379,-4,269,40,117,10,17,0,10,2,4,0,1,0,1,0,0,0
Cuenca,1999,11687,NULL,6943,NULL,2986,NULL,1008,NULL,383,NULL,229,NULL,107,NULL,17,NULL,8,NULL,4,NULL,1,NULL,1,NULL,0,NULL
Guipúzcoa,2012,55574,-2882,29745,-2429,15389,-382,4887,-17,2442,20,1676,-11,918,-58,294,-14,140,9,63,-1,12,2,8,-1,0,0
Guipúzcoa,2011,58456,-2124,32174,-1066,15771,-722,4904,-205,2422,-58,1687,-52,976,-23,308,8,131,-8,64,5,10,-2,9,-1,0,0
Guipúzcoa,2010,60580,-1454,33240,-469,16493,-576,5109,14,2480,-87,1739,-158,999,-161,300,-14,139,3,59,-7,12,-1,10,2,0,0
Guipúzcoa,2009,62034,-1535,33709,-1000,17069,-444,5095,-23,2567,-20,1897,-14,1160,10,314,-30,136,4,66,-11,13,-6,8,-1,0,0
Guipúzcoa,2008,63569,4023,34709,3371,17513,366,5118,48,2587,156,1911,34,1150,32,344,15,132,-2,77,3,19,-1,9,1,0,0
Guipúzcoa,2007,59546,1060,31338,622,17147,153,5070,113,2431,67,1877,56,1118,53,329,-2,134,-4,74,0,20,2,8,0,0,0
Guipúzcoa,2006,58486,1293,30716,1306,16994,-216,4957,133,2364,11,1821,22,1065,18,331,11,138,2,74,1,18,5,8,0,0,0
Guipúzcoa,2005,57193,695,29410,204,17210,510,4824,-16,2353,-101,1799,45,1047,24,320,15,136,13,73,1,13,-1,8,1,0,0
Guipúzcoa,2004,56498,515,29206,-601,16700,873,4840,80,2454,137,1754,-19,1023,36,305,3,123,7,72,-2,14,-1,7,2,0,0
Guipúzcoa,2003,55983,781,29807,-645,15827,979,4760,194,2317,114,1773,61,987,55,302,16,116,3,74,2,15,1,5,1,0,0
Guipúzcoa,2002,55202,22,30452,1422,14848,-1490,4566,-39,2203,0,1712,81,932,42,286,-7,113,7,72,4,14,3,4,-1,0,0
Guipúzcoa,2001,55180,1347,29030,411,16338,523,4605,191,2203,298,1631,-29,890,-41,293,-13,106,2,68,6,11,-1,5,0,0,0
Guipúzcoa,2000,53833,1331,28619,146,15815,611,4414,201,1905,139,1660,142,931,57,306,35,104,10,62,-8,12,-2,5,0,0,0
Guipúzcoa,1999,52502,NULL,28473,NULL,15204,NULL,4213,NULL,1766,NULL,1518,NULL,874,NULL,271,NULL,94,NULL,70,NULL,14,NULL,5,NULL,0,NULL
Girona,2012,57971,-81,29671,-1010,17031,1362,5833,-233,2702,-12,1558,-117,822,-58,215,0,83,-12,45,1,7,-1,4,-1,0,0
Girona,2011,58052,-188,30681,-44,15669,158,6066,-63,2714,-68,1675,-79,880,-80,215,-3,95,-11,44,2,8,0,5,0,0,0
Girona,2010,58240,-164,30725,517,15511,85,6129,-180,2782,-183,1754,-256,960,-135,218,-5,106,-10,42,2,8,1,5,0,0,0
Girona,2009,58404,6937,30208,7751,15426,-128,6309,-169,2965,-206,2010,-170,1095,-101,223,-19,116,-12,40,-10,7,2,5,-1,0,0
Girona,2008,51467,1359,22457,665,15554,394,6478,233,3171,27,2180,-36,1196,61,242,-2,128,10,50,8,5,0,6,0,0,-1
Girona,2007,50108,2939,21792,1938,15160,734,6245,179,3144,-41,2216,102,1135,16,244,6,118,6,42,2,5,-2,6,-2,1,1
Girona,2006,47169,342,19854,465,14426,-616,6066,93,3185,226,2114,96,1119,75,238,7,112,-9,40,4,7,0,8,1,0,0
Girona,2005,46827,1682,19389,1311,15042,201,5973,33,2959,-2,2018,53,1044,51,231,23,121,8,36,3,7,0,7,1,0,0
Girona,2004,45145,-7337,18078,-7035,14841,-554,5940,77,2961,82,1965,62,993,30,208,4,113,-5,33,1,7,-1,6,2,0,0
Girona,2003,52482,2256,25113,1029,15395,801,5863,211,2879,50,1903,169,963,5,204,-26,118,20,32,-5,8,5,4,-3,0,0
Girona,2002,50226,1791,24084,613,14594,654,5652,298,2829,97,1734,58,958,72,230,-1,98,1,37,-4,3,-1,7,4,0,0
Girona,2001,48435,462,23471,-336,13940,310,5354,162,2732,399,1676,-78,886,-32,231,7,97,18,41,12,4,0,3,0,0,0
Girona,2000,47973,1417,23807,824,13630,83,5192,170,2333,160,1754,96,918,45,224,31,79,8,29,3,4,-4,3,1,0,0
Girona,1999,46556,NULL,22983,NULL,13547,NULL,5022,NULL,2173,NULL,1658,NULL,873,NULL,193,NULL,71,NULL,26,NULL,8,NULL,2,NULL,0,NULL
Granada,2012,56243,-1393,31241,-960,16083,386,5038,-515,2026,-119,1076,-87,527,-87,149,0,64,-6,31,-1,6,-3,2,-1,0,0
Granada,2011,57636,-683,32201,490,15697,-841,5553,-38,2145,-169,1163,-78,614,-17,149,-28,70,-3,32,2,9,-1,3,0,0,0
Granada,2010,58319,-1697,31711,-211,16538,-530,5591,-380,2314,-231,1241,-231,631,-87,177,-18,73,-9,30,0,10,0,3,0,0,0
Granada,2009,60016,-2253,31922,-687,17068,-528,5971,-369,2545,-196,1472,-257,718,-150,195,-35,82,-14,30,-11,10,-6,3,0,0,0
Granada,2008,62269,1214,32609,200,17596,640,6340,239,2741,91,1729,41,868,-14,230,13,96,0,41,-2,16,7,3,-1,0,0
Granada,2007,61055,3832,32409,1841,16956,1245,6101,468,2650,158,1688,37,882,64,217,14,96,-1,43,4,9,1,4,1,0,0
Granada,2006,57223,2882,30568,775,15711,1075,5633,555,2492,217,1651,203,818,37,203,11,97,9,39,-1,8,1,3,0,0,0
Granada,2005,54341,3833,29793,2451,14636,793,5078,267,2275,116,1448,105,781,67,192,26,88,11,40,-4,7,2,3,-1,0,0
Granada,2004,50508,846,27342,-636,13843,880,4811,324,2159,148,1343,53,714,45,166,9,77,8,44,15,5,0,4,0,0,0
Granada,2003,49662,1541,27978,107,12963,753,4487,356,2011,183,1290,71,669,52,157,14,69,6,29,-4,5,2,4,2,0,-1
Granada,2002,48121,2506,27871,906,12210,831,4131,403,1828,162,1219,133,617,44,143,17,63,0,33,9,3,0,2,1,1,0
Granada,2001,45615,504,26965,-628,11379,634,3728,147,1666,281,1086,27,573,15,126,16,63,8,24,4,3,0,1,0,1,0
Granada,2000,45111,1728,27593,752,10745,387,3581,288,1385,99,1059,106,558,74,110,5,55,13,20,2,3,1,1,0,1,1
Granada,1999,43383,NULL,26841,NULL,10358,NULL,3293,NULL,1286,NULL,953,NULL,484,NULL,105,NULL,42,NULL,18,NULL,2,NULL,1,NULL,0,NULL
Guadalajara,2012,13213,-43,7511,-41,3550,216,1174,-161,489,-16,276,-29,127,-12,49,-4,23,1,10,1,3,1,1,1,0,0
Guadalajara,2011,13256,-238,7552,146,3334,-324,1335,19,505,-41,305,-18,139,-17,53,5,22,-6,9,-2,2,0,0,0,0,0
Guadalajara,2010,13494,-13,7406,239,3658,-111,1316,-52,546,-20,323,-44,156,-17,48,-5,28,0,11,-3,2,0,0,0,0,0
Guadalajara,2009,13507,-228,7167,99,3769,-165,1368,-91,566,-41,367,-17,173,-19,53,10,28,-1,14,-2,2,-1,0,0,0,0
Guadalajara,2008,13735,861,7068,564,3934,206,1459,22,607,28,384,27,192,10,43,-7,29,10,16,1,3,0,0,0,0,0
Guadalajara,2007,12874,1049,6504,439,3728,426,1437,138,579,-16,357,50,182,4,50,7,19,0,15,-1,3,2,0,0,0,0
Guadalajara,2006,11825,1387,6065,817,3302,256,1299,161,595,91,307,38,178,18,43,5,19,-2,16,3,1,0,0,0,0,0
Guadalajara,2005,10438,318,5248,93,3046,81,1138,77,504,28,269,14,160,14,38,6,21,3,13,2,1,0,0,0,0,0
Guadalajara,2004,10120,698,5155,217,2965,293,1061,94,476,65,255,11,146,13,32,4,18,1,11,1,1,0,0,-1,0,0
Guadalajara,2003,9422,392,4938,83,2672,180,967,66,411,30,244,32,133,2,28,-5,17,3,10,1,1,0,1,0,0,0
Guadalajara,2002,9030,313,4855,81,2492,139,901,33,381,31,212,3,131,15,33,5,14,5,9,1,1,0,1,0,0,0
Guadalajara,2001,8717,-76,4774,-186,2353,17,868,31,350,69,209,-5,116,-4,28,0,9,0,8,2,1,0,1,0,0,0
Guadalajara,2000,8793,275,4960,103,2336,102,837,36,281,-4,214,33,120,0,28,4,9,1,6,0,1,0,1,0,0,0
Guadalajara,1999,8518,NULL,4857,NULL,2234,NULL,801,NULL,285,NULL,181,NULL,120,NULL,24,NULL,8,NULL,6,NULL,1,NULL,1,NULL,0,NULL
Huelva,2012,25008,-804,13144,-366,7381,82,2552,-225,976,-135,556,-101,269,-53,78,-3,29,1,19,-3,3,-1,1,0,0,0
Huelva,2011,25812,-465,13510,87,7299,-329,2777,-83,1111,-68,657,-33,322,-19,81,-16,28,-5,22,0,4,1,1,0,0,0
Huelva,2010,26277,-506,13423,34,7628,-175,2860,-61,1179,-110,690,-111,341,-67,97,-13,33,-7,22,3,3,1,1,0,0,0
Huelva,2009,26783,-680,13389,-10,7803,-137,2921,-188,1289,-82,801,-134,408,-111,110,3,40,-11,19,-9,2,-2,1,1,0,0
Huelva,2008,27463,400,13399,-88,7940,220,3109,138,1371,31,935,30,519,61,107,13,51,-4,28,-2,4,1,0,0,0,0
Huelva,2007,27063,1576,13487,692,7720,553,2971,166,1340,46,905,97,458,11,94,0,55,8,30,3,3,0,0,0,0,0
Huelva,2006,25487,710,12795,26,7167,312,2805,172,1294,116,808,48,447,31,94,-2,47,11,27,-4,3,0,0,0,0,0
Huelva,2005,24777,507,12769,-42,6855,273,2633,141,1178,47,760,26,416,48,96,4,36,0,31,10,3,0,0,0,0,0
Huelva,2004,24270,1723,12811,868,6582,474,2492,192,1131,147,734,30,368,17,92,-11,36,5,21,0,3,1,0,0,0,0
Huelva,2003,22547,838,11943,183,6108,452,2300,77,984,45,704,55,351,7,103,18,31,-4,21,5,2,0,0,0,0,0
Huelva,2002,21709,641,11760,65,5656,345,2223,187,939,-4,649,38,344,1,85,5,35,10,16,-6,2,0,0,0,0,0
Huelva,2001,21068,196,11695,-314,5311,220,2036,109,943,132,611,29,343,2,80,17,25,-7,22,8,2,0,0,0,0,0
Huelva,2000,20872,607,12009,108,5091,249,1927,112,811,53,582,39,341,34,63,3,32,9,14,1,2,-1,0,0,0,0
Huelva,1999,20265,NULL,11901,NULL,4842,NULL,1815,NULL,758,NULL,543,NULL,307,NULL,60,NULL,23,NULL,13,NULL,3,NULL,0,NULL,0,NULL
Huesca,2012,16151,-229,8228,-33,4785,124,1689,-204,681,-73,475,-14,213,-28,60,0,14,0,5,-1,1,0,0,0,0,0
Huesca,2011,16380,-170,8261,76,4661,-164,1893,-15,754,-27,489,-20,241,-15,60,-4,14,2,6,-3,1,0,0,0,0,0
Huesca,2010,16550,-287,8185,-267,4825,116,1908,-5,781,-74,509,-35,256,-15,64,-4,12,-3,9,0,1,0,0,0,0,0
Huesca,2009,16837,-272,8452,186,4709,-346,1913,15,855,-46,544,-33,271,-42,68,2,15,-6,9,-2,1,0,0,0,0,0
Huesca,2008,17109,415,8266,180,5055,99,1898,52,901,49,577,8,313,19,66,14,21,0,11,-4,1,-2,0,0,0,0
Huesca,2007,16694,669,8086,381,4956,195,1846,33,852,35,569,-3,294,21,52,2,21,-5,15,10,3,2,0,-2,0,0
Huesca,2006,16025,635,7705,284,4761,87,1813,124,817,70,572,42,273,20,50,9,26,2,5,-3,1,-1,2,1,0,0
Huesca,2005,15390,312,7421,68,4674,128,1689,55,747,23,530,26,253,15,41,-4,24,2,8,0,2,-1,1,0,0,0
Huesca,2004,15078,795,7353,303,4546,295,1634,81,724,38,504,37,238,28,45,11,22,1,8,1,3,0,1,0,0,0
Huesca,2003,14283,394,7050,105,4251,175,1553,77,686,1,467,24,210,11,34,-7,21,6,7,0,3,1,1,1,0,0
Huesca,2002,13889,314,6945,61,4076,86,1476,82,685,50,443,18,199,18,41,-3,15,1,7,0,2,1,0,0,0,0
Huesca,2001,13575,-90,6884,-318,3990,177,1394,13,635,43,425,-7,181,-5,44,4,14,3,7,0,1,0,0,0,0,0
Huesca,2000,13665,291,7202,118,3813,26,1381,71,592,10,432,55,186,-1,40,14,11,-2,7,0,1,0,0,0,0,0
Huesca,1999,13374,NULL,7084,NULL,3787,NULL,1310,NULL,582,NULL,377,NULL,187,NULL,26,NULL,13,NULL,7,NULL,1,NULL,0,NULL,0,NULL
Jaén,2012,34000,-945,17559,-570,10210,98,3495,-277,1388,-93,843,-49,380,-48,72,-10,33,7,12,-4,4,1,4,0,0,0
Jaén,2011,34945,-813,18129,-259,10112,-475,3772,-5,1481,-6,892,-32,428,-16,82,-14,26,-9,16,2,3,1,4,0,0,0
Jaén,2010,35758,-799,18388,-126,10587,-122,3777,-275,1487,-94,924,-134,444,-39,96,-2,35,-11,14,5,2,0,4,-1,0,0
Jaén,2009,36557,-811,18514,64,10709,-316,4052,-75,1581,-188,1058,-125,483,-120,98,-25,46,-13,9,-12,2,-1,5,0,0,0
Jaén,2008,37368,406,18450,-121,11025,389,4127,70,1769,0,1183,42,603,16,123,1,59,11,21,-2,3,-1,5,1,0,0
Jaén,2007,36962,1579,18571,751,10636,493,4057,208,1769,64,1141,17,587,28,122,5,48,4,23,9,4,-1,4,1,0,0
Jaén,2006,35383,708,17820,44,10143,285,3849,215,1705,61,1124,79,559,17,117,7,44,4,14,-5,5,1,3,0,0,0
Jaén,2005,34675,1518,17776,496,9858,647,3634,223,1644,74,1045,42,542,12,110,20,40,0,19,3,4,0,3,1,0,0
Jaén,2004,33157,713,17280,87,9211,361,3411,216,1570,49,1003,-35,530,16,90,1,40,16,16,2,4,0,2,0,0,0
Jaén,2003,32444,868,17193,198,8850,395,3195,108,1521,44,1038,63,514,50,89,11,24,-1,14,-2,4,2,2,0,0,0
Jaén,2002,31576,552,16995,50,8455,280,3087,158,1477,71,975,13,464,-15,78,-2,25,-2,16,-2,2,0,2,1,0,0
Jaén,2001,31024,195,16945,-399,8175,244,2929,222,1406,120,962,-3,479,-2,80,8,27,-1,18,7,2,-1,1,0,0,0
Jaén,2000,30829,752,17344,201,7931,317,2707,72,1286,58,965,46,481,50,72,-2,28,6,11,2,3,1,1,1,0,0
Jaén,1999,30077,NULL,17143,NULL,7614,NULL,2635,NULL,1228,NULL,919,NULL,431,NULL,74,NULL,22,NULL,9,NULL,2,NULL,0,NULL,0,NULL
León,2012,32386,-283,17638,106,9428,191,2904,-408,1247,-77,671,-47,347,-47,94,7,37,-5,14,-1,3,-1,3,0,0,-1
León,2011,32669,-457,17532,124,9237,-427,3312,-28,1324,-61,718,-57,394,-15,87,3,42,7,15,-3,4,0,3,-1,1,1
León,2010,33126,-438,17408,36,9664,-145,3340,-93,1385,-19,775,-127,409,-65,84,-20,35,-7,18,1,4,1,4,0,0,0
León,2009,33564,-448,17372,119,9809,-290,3433,-65,1404,-90,902,-84,474,-34,104,3,42,-5,17,0,3,-2,4,0,0,0
León,2008,34012,449,17253,83,10099,150,3498,56,1494,85,986,48,508,11,101,10,47,3,17,2,5,0,4,1,0,0
León,2007,33563,1204,17170,550,9949,393,3442,126,1409,61,938,42,497,21,91,-3,44,10,15,4,5,0,3,0,0,0
León,2006,32359,695,16620,225,9556,274,3316,61,1348,22,896,83,476,27,94,6,34,-3,11,-2,5,3,3,-1,0,0
León,2005,31664,672,16395,399,9282,64,3255,98,1326,67,813,7,449,22,88,7,37,6,13,1,2,0,4,1,0,0
León,2004,30992,736,15996,9,9218,477,3157,218,1259,-13,806,31,427,20,81,-3,31,-1,12,-1,2,-1,3,0,0,0
León,2003,30256,645,15987,135,8741,345,2939,105,1272,51,775,12,407,4,84,-13,32,3,13,3,3,0,3,0,0,0
León,2002,29611,230,15852,-385,8396,402,2834,111,1221,36,763,37,403,21,97,1,29,5,10,1,3,1,3,0,0,0
León,2001,29381,84,16237,-367,7994,210,2723,139,1185,134,726,-7,382,-29,96,7,24,-4,9,1,2,0,3,0,0,0
León,2000,29297,561,16604,106,7784,207,2584,100,1051,65,733,41,411,25,89,11,28,4,8,1,2,1,3,0,0,0
León,1999,28736,NULL,16498,NULL,7577,NULL,2484,NULL,986,NULL,692,NULL,386,NULL,78,NULL,24,NULL,7,NULL,1,NULL,3,NULL,0,NULL
Lleida,2012,34821,-909,18698,-551,9797,297,3337,-405,1465,-140,860,-69,468,-34,117,-8,51,1,19,-3,6,2,3,1,0,0
Lleida,2011,35730,-868,19249,-78,9500,-582,3742,-19,1605,-97,929,-67,502,-28,125,1,50,1,22,1,4,0,2,0,0,0
Lleida,2010,36598,-322,19327,325,10082,-263,3761,-163,1702,-19,996,-131,530,-58,124,-9,49,0,21,-5,4,1,2,0,0,0
Lleida,2009,36920,-718,19002,453,10345,-670,3924,-182,1721,-131,1127,-107,588,-67,133,-3,49,-8,26,-2,3,-2,2,1,0,0
Lleida,2008,37638,1573,18549,1065,11015,335,4106,69,1852,54,1234,4,655,27,136,2,57,12,28,3,5,2,1,0,0,0
Lleida,2007,36065,2109,17484,1273,10680,488,4037,222,1798,0,1230,84,628,28,134,11,45,4,25,-1,3,0,1,0,0,0
Lleida,2006,33956,1217,16211,260,10192,528,3815,175,1798,159,1146,60,600,24,123,9,41,1,26,1,3,0,1,0,0,0
Lleida,2005,32739,1224,15951,593,9664,328,3640,120,1639,76,1086,63,576,29,114,6,40,3,25,6,3,0,1,0,0,0
Lleida,2004,31515,1910,15358,1024,9336,507,3520,259,1563,44,1023,60,547,39,108,-6,37,-12,19,-5,3,0,1,0,0,0
Lleida,2003,29605,839,14334,154,8829,434,3261,156,1519,55,963,40,508,-4,114,0,49,-2,24,6,3,1,1,-1,0,0
Lleida,2002,28766,625,14180,8,8395,333,3105,149,1464,73,923,23,512,41,114,-9,51,8,18,-1,2,0,2,0,0,0
Lleida,2001,28141,-207,14172,-702,8062,135,2956,206,1391,147,900,-3,471,-19,123,18,43,6,19,4,2,1,2,0,0,0
Lleida,2000,28348,846,14874,387,7927,246,2750,40,1244,97,903,43,490,22,105,2,37,4,15,6,1,-1,2,0,0,0
Lleida,1999,27502,NULL,14487,NULL,7681,NULL,2710,NULL,1147,NULL,860,NULL,468,NULL,103,NULL,33,NULL,9,NULL,2,NULL,2,NULL,0,NULL
Lugo,2012,24288,-211,12517,51,7442,37,2501,-188,1013,-41,480,-52,242,-19,63,-1,20,5,5,-4,3,1,2,0,0,0
Lugo,2011,24499,-215,12466,77,7405,-195,2689,-32,1054,-8,532,-16,261,-35,64,1,15,-6,9,1,2,-2,2,0,0,0
Lugo,2010,24714,-147,12389,74,7600,5,2721,-84,1062,-34,548,-74,296,-26,63,-7,21,-3,8,2,4,0,2,0,0,0
Lugo,2009,24861,-174,12315,149,7595,-233,2805,-36,1096,-4,622,-45,322,-3,70,3,24,-6,6,1,4,-1,2,1,0,0
Lugo,2008,25035,426,12166,238,7828,-28,2841,120,1100,21,667,52,325,19,67,8,30,0,5,-3,5,-1,1,0,0,0
Lugo,2007,24609,829,11928,437,7856,225,2721,40,1079,66,615,43,306,-3,59,10,30,8,8,1,6,2,1,0,0,0
Lugo,2006,23780,658,11491,257,7631,90,2681,226,1013,48,572,20,309,12,49,5,22,-1,7,0,4,1,1,0,0,0
Lugo,2005,23122,643,11234,320,7541,157,2455,98,965,3,552,30,297,36,44,2,23,-1,7,0,3,-2,1,0,0,0
Lugo,2004,22479,83,10914,-245,7384,206,2357,67,962,39,522,-6,261,10,42,5,24,4,7,-1,5,4,1,0,0,0
Lugo,2003,22396,454,11159,65,7178,336,2290,5,923,33,528,14,251,-1,37,-2,20,1,8,2,1,0,1,1,0,0
Lugo,2002,21942,77,11094,-199,6842,130,2285,66,890,29,514,16,252,30,39,1,19,1,6,3,1,0,0,0,0,0
Lugo,2001,21865,40,11293,-440,6712,327,2219,71,861,65,498,9,222,4,38,4,18,0,3,0,1,1,0,-1,0,0
Lugo,2000,21825,558,11733,67,6385,239,2148,140,796,71,489,26,218,9,34,4,18,3,3,-1,0,-1,1,1,0,0
Lugo,1999,21267,NULL,11666,NULL,6146,NULL,2008,NULL,725,NULL,463,NULL,209,NULL,30,NULL,15,NULL,4,NULL,1,NULL,0,NULL,0,NULL
Madrid,2012,499098,-2571,296990,-1288,118140,3331,38727,-2878,19646,-682,12749,-680,7228,-295,2537,-71,1497,-13,910,1,332,-3,278,8,64,-1
Madrid,2011,501669,-1832,298278,6051,114809,-6726,41605,-341,20328,-291,13429,-169,7523,-234,2608,-30,1510,-70,909,-26,335,-9,270,6,65,7
Madrid,2010,503501,-8303,292227,1756,121535,-4883,41946,-1672,20619,-678,13598,-1639,7757,-804,2638,-181,1580,-102,935,-71,344,-14,264,-6,58,-9
Madrid,2009,511804,-7503,290471,2286,126418,-6167,43618,-1418,21297,-527,15237,-660,8561,-584,2819,-100,1682,-98,1006,-170,358,-39,270,-26,67,0
Madrid,2008,519307,16307,288185,13511,132585,2262,45036,7,21824,66,15897,148,9145,89,2919,58,1780,43,1176,71,397,19,296,27,67,6
Madrid,2007,503000,24798,274674,14835,130323,7903,45029,1004,21758,185,15749,195,9056,276,2861,152,1737,139,1105,65,378,39,269,1,61,4
Madrid,2006,478202,22027,259839,8465,122420,6917,44025,3253,21573,1525,15554,1159,8780,421,2709,94,1598,100,1040,46,339,15,268,29,57,3
Madrid,2005,456175,20101,251374,13307,115503,5442,40772,769,20048,-76,14395,7,8359,376,2615,146,1498,26,994,74,324,14,239,13,54,3
Madrid,2004,436074,28419,238067,13505,110061,11151,40003,2082,20124,927,14388,678,7983,42,2469,-23,1472,52,920,-9,310,9,226,2,51,3
Madrid,2003,407655,23017,224562,12413,98910,6882,37921,2108,19197,702,13710,675,7941,138,2492,-60,1420,25,929,100,301,-8,224,34,48,8
Madrid,2002,384638,6853,212149,555,92028,3232,35813,1366,18495,640,13035,475,7803,304,2552,145,1395,74,829,19,309,30,190,16,40,-3
Madrid,2001,377785,12702,211594,3298,88796,4437,34447,1704,17855,2787,12560,447,7499,-328,2407,108,1321,143,810,78,279,26,174,-1,43,3
Madrid,2000,365083,7250,208296,3273,84359,592,32743,902,15068,906,12113,552,7827,659,2299,183,1178,115,732,44,253,16,175,7,40,1
Madrid,1999,357833,NULL,205023,NULL,83767,NULL,31841,NULL,14162,NULL,11561,NULL,7168,NULL,2116,NULL,1063,NULL,688,NULL,237,NULL,168,NULL,39,NULL
Málaga,2012,107385,-2229,58645,-1612,30741,481,9927,-578,4396,-180,2155,-223,1058,-74,247,-26,144,-19,56,1,9,-1,6,2,1,0
Málaga,2011,109614,-677,60257,1301,30260,-1265,10505,-350,4576,-84,2378,-161,1132,-56,273,-61,163,2,55,-4,10,1,4,0,1,0
Málaga,2010,110291,-3071,58956,-712,31525,-699,10855,-476,4660,-476,2539,-382,1188,-266,334,-48,161,-16,59,4,9,1,4,-1,1,0
Málaga,2009,113362,-3321,59668,369,32224,-1513,11331,-698,5136,-528,2921,-481,1454,-331,382,-64,177,-5,55,-60,8,-8,5,-2,1,0
Málaga,2008,116683,2136,59299,1190,33737,777,12029,118,5664,24,3402,27,1785,29,446,-21,182,-25,115,13,16,3,7,1,1,0
Málaga,2007,114547,5834,58109,3434,32960,1843,11911,346,5640,31,3375,135,1756,-7,467,48,207,-9,102,17,13,-2,6,-2,1,0
Málaga,2006,108713,6331,54675,3146,31117,1663,11565,801,5609,466,3240,133,1763,108,419,4,216,-2,85,6,15,5,8,0,1,1
Málaga,2005,102382,5795,51529,3428,29454,1625,10764,289,5143,183,3107,89,1655,107,415,41,218,34,79,-1,10,-1,8,2,0,-1
Málaga,2004,96587,8330,48101,3416,27829,2773,10475,1315,4960,392,3018,334,1548,41,374,37,184,24,80,-4,11,3,6,-2,1,1
Málaga,2003,88257,5628,44685,2113,25056,2000,9160,760,4568,469,2684,113,1507,138,337,14,160,11,84,9,8,-1,8,2,0,0
Málaga,2002,82629,4085,42572,1303,23056,1484,8400,599,4099,393,2571,144,1369,115,323,25,149,7,75,17,9,-1,6,-1,0,0
Málaga,2001,78544,2463,41269,190,21572,762,7801,650,3706,691,2427,136,1254,-13,298,28,142,13,58,6,10,-1,7,2,0,-1
Málaga,2000,76081,4315,41079,1779,20810,1069,7151,535,3015,379,2291,279,1267,209,270,41,129,17,52,3,11,2,5,1,1,1
Málaga,1999,71766,NULL,39300,NULL,19741,NULL,6616,NULL,2636,NULL,2012,NULL,1058,NULL,229,NULL,112,NULL,49,NULL,9,NULL,4,NULL,0,NULL
Melilla,2012,3770,73,2036,-8,1011,70,384,10,203,14,84,-11,38,-5,11,2,1,0,0,0,2,1,0,0,0,0
Melilla,2011,3697,42,2044,37,941,-11,374,-7,189,23,95,-2,43,6,9,-2,1,-2,0,0,1,0,0,0,0,0
Melilla,2010,3655,-44,2007,81,952,-143,381,24,166,2,97,-4,37,-6,11,1,3,2,0,-1,1,0,0,0,0,0
Melilla,2009,3699,-10,1926,24,1095,-12,357,-12,164,-12,101,11,43,-3,10,-4,1,-2,1,0,1,0,0,0,0,0
Melilla,2008,3709,16,1902,15,1107,6,369,1,176,1,90,-5,46,-4,14,2,3,0,1,0,1,0,0,0,0,0
Melilla,2007,3693,36,1887,-12,1101,36,368,-15,175,20,95,3,50,5,12,0,3,-1,1,0,1,0,0,0,0,0
Melilla,2006,3657,-56,1899,-113,1065,36,383,17,155,0,92,4,45,-3,12,1,4,2,1,0,1,0,0,0,0,0
Melilla,2005,3713,42,2012,30,1029,-19,366,10,155,13,88,9,48,-5,11,5,2,-1,1,0,1,0,0,0,0,0
Melilla,2004,3671,211,1982,63,1048,129,356,8,142,3,79,0,53,17,6,-10,3,1,1,-1,1,1,0,0,0,0
Melilla,2003,3460,51,1919,40,919,-7,348,18,139,-12,79,6,36,3,16,3,2,0,2,0,0,0,0,0,0,0
Melilla,2002,3409,-41,1879,-35,926,1,330,-2,151,-12,73,1,33,1,13,5,2,-1,2,1,0,0,0,0,0,0
Melilla,2001,3450,38,1914,-14,925,24,332,19,163,24,72,-15,32,2,8,-2,3,0,1,0,0,0,0,0,0,0
Melilla,2000,3412,78,1928,21,901,31,313,8,139,5,87,12,30,-1,10,2,3,0,1,0,0,0,0,0,0,0
Melilla,1999,3334,NULL,1907,NULL,870,NULL,305,NULL,134,NULL,75,NULL,31,NULL,8,NULL,3,NULL,1,NULL,0,NULL,0,NULL,0,NULL
Murcia,2012,88606,-2250,46357,-773,25145,240,8955,-1068,3998,-258,2255,-258,1259,-113,356,-18,172,1,80,-1,21,0,8,-2,0,0
Murcia,2011,90856,-1340,47130,857,24905,-1452,10023,-173,4256,-160,2513,-257,1372,-118,374,-3,171,-32,81,-3,21,0,10,1,0,0
Murcia,2010,92196,-3440,46273,-200,26357,-952,10196,-829,4416,-465,2770,-583,1490,-319,377,-76,203,1,84,-10,21,-5,9,-2,0,0
Murcia,2009,95636,-4439,46473,-328,27309,-1641,11025,-889,4881,-582,3353,-561,1809,-327,453,-46,202,-14,94,-45,26,-4,11,-2,0,0
Murcia,2008,100075,2701,46801,1312,28950,1164,11914,145,5463,29,3914,17,2136,12,499,-4,216,16,139,13,30,0,13,-3,0,0
Murcia,2007,97374,6676,45489,3362,27786,2096,11769,754,5434,96,3897,204,2124,112,503,21,200,14,126,13,30,4,16,0,0,0
Murcia,2006,90698,5588,42127,2107,25690,1471,11015,953,5338,591,3693,242,2012,167,482,34,186,15,113,4,26,2,16,2,0,0
Murcia,2005,85110,2626,40020,725,24219,877,10062,498,4747,81,3451,222,1845,127,448,60,171,12,109,23,24,0,14,1,0,0
Murcia,2004,82484,6511,39295,3147,23342,1948,9564,702,4666,334,3229,225,1718,126,388,-5,159,15,86,3,24,8,13,8,0,0
Murcia,2003,75973,3426,36148,847,21394,1159,8862,651,4332,408,3004,257,1592,69,393,33,144,-2,83,0,16,5,5,0,0,-1
Murcia,2002,72547,2682,35301,494,20235,1048,8211,570,3924,229,2747,165,1523,151,360,25,146,3,83,-2,11,-3,5,1,1,1
Murcia,2001,69865,1734,34807,-290,19187,1001,7641,417,3695,524,2582,38,1372,3,335,16,143,10,85,13,14,1,4,1,0,0
Murcia,2000,68131,2608,35097,938,18186,654,7224,497,3171,136,2544,216,1369,113,319,23,133,25,72,12,13,-3,3,-3,0,0
Murcia,1999,65523,NULL,34159,NULL,17532,NULL,6727,NULL,3035,NULL,2328,NULL,1256,NULL,296,NULL,108,NULL,60,NULL,16,NULL,6,NULL,0,NULL
Navarra,2012,41305,-236,22482,-417,10463,555,3800,-238,1950,-41,1331,-45,788,-37,238,-19,149,-8,78,14,15,-2,11,2,0,0
Navarra,2011,41541,-806,22899,129,9908,-750,4038,-105,1991,-36,1376,7,825,-40,257,-1,157,-7,64,-4,17,0,9,2,0,-1
Navarra,2010,42347,-935,22770,-36,10658,-498,4143,21,2027,-42,1369,-216,865,-117,258,-40,164,8,68,-10,17,-3,7,-3,1,1
Navarra,2009,43282,-565,22806,-280,11156,-104,4122,-62,2069,-41,1585,-20,982,-18,298,-13,156,-10,78,-10,20,-2,10,-5,0,0
Navarra,2008,43847,705,23086,309,11260,214,4184,32,2110,37,1605,29,1000,51,311,17,166,2,88,5,22,4,15,6,0,-1
Navarra,2007,43142,2059,22777,1488,11046,263,4152,171,2073,28,1576,67,949,11,294,12,164,15,83,3,18,-1,9,1,1,1
Navarra,2006,41083,353,21289,-689,10783,752,3981,134,2045,80,1509,31,938,25,282,27,149,3,80,-9,19,2,8,-3,0,0
Navarra,2005,40730,1051,21978,-4,10031,801,3847,80,1965,41,1478,47,913,72,255,3,146,7,89,5,17,-2,11,1,0,0
Navarra,2004,39679,743,21982,319,9230,233,3767,54,1924,113,1431,24,841,5,252,7,139,4,84,-6,19,-4,10,-5,0,-1
Navarra,2003,38936,1603,21663,1772,8997,59,3713,-202,1811,-101,1407,104,836,-2,245,1,135,-7,90,-21,23,0,15,-1,1,1
Navarra,2002,37333,727,19891,-175,8938,353,3915,225,1912,154,1303,38,838,85,244,9,142,10,111,25,23,-1,16,5,0,-1
Navarra,2001,36606,3788,20066,1362,8585,1495,3690,532,1758,338,1265,74,753,-44,235,10,132,9,86,5,24,6,11,2,1,-1
Navarra,2000,32818,-5476,18704,-3957,7090,-1177,3158,-119,1420,-134,1191,-63,797,-41,225,8,123,-1,81,2,18,2,9,3,2,1
Navarra,1999,38294,NULL,22661,NULL,8267,NULL,3277,NULL,1554,NULL,1254,NULL,838,NULL,217,NULL,124,NULL,79,NULL,16,NULL,6,NULL,1,NULL
Ourense,2012,22845,-142,12153,7,6995,73,2062,-189,842,15,462,-20,232,-29,62,3,21,-3,11,2,1,-1,4,0,0,0
Ourense,2011,22987,-113,12146,6,6922,-3,2251,-48,827,-69,482,5,261,2,59,-4,24,3,9,-4,2,-1,4,0,0,0
Ourense,2010,23100,-204,12140,42,6925,-70,2299,-87,896,2,477,-66,259,-23,63,4,21,-6,13,-1,3,1,4,0,0,0
Ourense,2009,23304,-407,12098,-5,6995,-289,2386,-32,894,-22,543,-33,282,-8,59,-18,27,4,14,-2,2,-1,4,-1,0,0
Ourense,2008,23711,191,12103,76,7284,19,2418,63,916,10,576,8,290,10,77,1,23,1,16,1,3,0,5,2,0,0
Ourense,2007,23520,677,12027,381,7265,211,2355,64,906,-14,568,22,280,10,76,4,22,-3,15,3,3,0,3,-1,0,0
Ourense,2006,22843,391,11646,148,7054,182,2291,13,920,21,546,34,270,-14,72,4,25,0,12,3,3,-1,4,1,0,0
Ourense,2005,22452,334,11498,66,6872,165,2278,54,899,36,512,-20,284,27,68,5,25,2,9,-1,4,-1,3,1,0,0
Ourense,2004,22118,558,11432,76,6707,339,2224,128,863,-7,532,9,257,11,63,0,23,2,10,0,5,-1,2,1,0,0
Ourense,2003,21560,345,11356,-21,6368,227,2096,129,870,-11,523,16,246,4,63,0,21,-1,10,1,6,1,1,0,0,0
Ourense,2002,21215,79,11377,-151,6141,140,1967,33,881,37,507,5,242,13,63,-1,22,5,9,-2,5,0,1,0,0,0
Ourense,2001,21136,177,11528,-260,6001,347,1934,13,844,92,502,5,229,-25,64,4,17,1,11,-1,5,1,1,0,0,0
Ourense,2000,20959,361,11788,20,5654,145,1921,110,752,43,497,5,254,41,60,-6,16,2,12,2,4,-1,1,0,0,0
Ourense,1999,20598,NULL,11768,NULL,5509,NULL,1811,NULL,709,NULL,492,NULL,213,NULL,66,NULL,14,NULL,10,NULL,5,NULL,1,NULL,0,NULL
Palencia,2012,10640,-120,5787,-7,3095,53,986,-116,374,-21,210,-15,133,-20,34,9,9,-3,9,-1,2,1,1,0,0,0
Palencia,2011,10760,-65,5794,60,3042,-109,1102,-7,395,-2,225,-2,153,3,25,-6,12,0,10,-1,1,-1,1,0,0,0
Palencia,2010,10825,-139,5734,-21,3151,-59,1109,21,397,-41,227,-33,150,-5,31,-1,12,-3,11,2,2,1,1,0,0,0
Palencia,2009,10964,-147,5755,-12,3210,-39,1088,-47,438,-16,260,-18,155,-8,32,-5,15,0,9,-2,1,0,1,0,0,0
Palencia,2008,11111,51,5767,17,3249,-21,1135,10,454,31,278,-1,163,10,37,6,15,-2,11,1,1,0,1,0,0,0
Palencia,2007,11060,366,5750,179,3270,73,1125,70,423,27,279,12,153,6,31,-1,17,0,10,0,1,0,1,0,0,0
Palencia,2006,10694,119,5571,-24,3197,92,1055,40,396,4,267,-5,147,8,32,0,17,1,10,3,1,0,1,0,0,0
Palencia,2005,10575,176,5595,44,3105,75,1015,36,392,-10,272,8,139,15,32,5,16,3,7,0,1,0,1,0,0,0
Palencia,2004,10399,102,5551,-153,3030,161,979,71,402,7,264,16,124,-8,27,6,13,1,7,1,1,0,1,0,0,0
Palencia,2003,10297,273,5704,51,2869,164,908,15,395,39,248,4,132,4,21,-3,12,0,6,-1,1,-1,1,1,0,0
Palencia,2002,10024,-17,5653,-115,2705,42,893,43,356,-3,244,-3,128,24,24,-6,12,0,7,0,2,1,0,0,0,0
Palencia,2001,10041,-69,5768,-256,2663,110,850,51,359,17,247,4,104,-10,30,9,12,5,7,1,1,0,0,0,0,0
Palencia,2000,10110,87,6024,-47,2553,60,799,22,342,34,243,21,114,0,21,-2,7,0,6,-2,1,1,0,0,0,0
Palencia,1999,10023,NULL,6071,NULL,2493,NULL,777,NULL,308,NULL,222,NULL,114,NULL,23,NULL,7,NULL,8,NULL,0,NULL,0,NULL,0,NULL
"Las Palmas",2012,68104,-684,37646,-846,17836,538,6344,-236,3132,-36,1719,-65,897,-46,283,28,158,-18,69,-3,16,2,4,-2,0,0
"Las Palmas",2011,68788,-2101,38492,275,17298,-1913,6580,-236,3168,-110,1784,-36,943,-37,255,-37,176,-4,72,-1,14,-1,6,-1,0,0
"Las Palmas",2010,70889,-2002,38217,51,19211,-774,6816,-397,3278,-308,1820,-268,980,-255,292,-19,180,-26,73,-5,15,-3,7,2,0,0
"Las Palmas",2009,72891,-2345,38166,133,19985,-1244,7213,-492,3586,-302,2088,-165,1235,-176,311,-48,206,-9,78,-38,18,-3,5,-1,0,0
"Las Palmas",2008,75236,1545,38033,941,21229,574,7705,69,3888,76,2253,-92,1411,-33,359,-1,215,7,116,7,21,-3,6,0,0,0
"Las Palmas",2007,73691,4518,37092,3023,20655,1046,7636,288,3812,-39,2345,103,1444,64,360,4,208,16,109,10,24,2,6,1,0,0
"Las Palmas",2006,69173,2130,34069,1007,19609,444,7348,324,3851,229,2242,35,1380,73,356,29,192,-10,99,4,22,-2,5,-3,0,0
"Las Palmas",2005,67043,4040,33062,2885,19165,828,7024,83,3622,102,2207,86,1307,19,327,11,202,19,95,4,24,0,8,3,0,0
"Las Palmas",2004,63003,1533,30177,-26,18337,1163,6941,205,3520,72,2121,50,1288,116,316,-27,183,-16,91,-10,24,5,5,1,0,0
"Las Palmas",2003,61470,2295,30203,896,17174,918,6736,338,3448,65,2071,16,1172,28,343,7,199,6,101,20,19,3,4,-2,0,0
"Las Palmas",2002,59175,2364,29307,1031,16256,973,6398,158,3383,24,2055,169,1144,-11,336,4,193,8,81,4,16,3,6,1,0,0
"Las Palmas",2001,56811,1954,28276,296,15283,703,6240,419,3359,689,1886,-147,1155,-53,332,23,185,11,77,9,13,4,5,0,0,0
"Las Palmas",2000,54857,2671,27980,1205,14580,779,5821,235,2670,180,2033,121,1208,112,309,26,174,9,68,2,9,-1,5,3,0,0
"Las Palmas",1999,52186,NULL,26775,NULL,13801,NULL,5586,NULL,2490,NULL,1912,NULL,1096,NULL,283,NULL,165,NULL,66,NULL,10,NULL,2,NULL,0,NULL
Pontevedra,2012,66970,-758,33602,-88,20635,449,6814,-625,2872,-244,1703,-137,910,-97,264,-11,97,0,57,-5,7,1,7,-1,2,0
Pontevedra,2011,67728,-603,33690,459,20186,-772,7439,19,3116,-171,1840,-50,1007,-66,275,-6,97,-13,62,-2,6,-1,8,0,2,0
Pontevedra,2010,68331,-1019,33231,577,20958,-478,7420,-510,3287,-180,1890,-226,1073,-163,281,-25,110,-12,64,-1,7,-2,8,1,2,0
Pontevedra,2009,69350,-1058,32654,111,21436,-726,7930,-50,3467,-64,2116,-186,1236,-120,306,-13,122,-3,65,-5,9,-1,7,-1,2,0
Pontevedra,2008,70408,1390,32543,512,22162,525,7980,100,3531,103,2302,55,1356,67,319,25,125,-7,70,11,10,-1,8,-1,2,1
Pontevedra,2007,69018,3169,32031,1723,21637,859,7880,375,3428,76,2247,66,1289,43,294,5,132,23,59,-4,11,2,9,1,1,0
Pontevedra,2006,65849,2724,30308,1237,20778,915,7505,327,3352,117,2181,63,1246,39,289,29,109,-3,63,2,9,-1,8,-1,1,0
Pontevedra,2005,63125,1554,29071,732,19863,584,7178,-1,3235,81,2118,55,1207,94,260,3,112,0,61,6,10,0,9,0,1,0
Pontevedra,2004,61571,3198,28339,741,19279,1388,7179,712,3154,210,2063,112,1113,25,257,1,112,8,55,1,10,0,9,0,1,0
Pontevedra,2003,58373,2080,27598,461,17891,1210,6467,170,2944,96,1951,114,1088,5,256,9,104,11,54,-2,10,3,9,3,1,0
Pontevedra,2002,56293,1583,27137,348,16681,714,6297,316,2848,89,1837,37,1083,64,247,7,93,3,56,6,7,0,6,-1,1,0
Pontevedra,2001,54710,803,26789,-456,15967,637,5981,246,2759,305,1800,65,1019,-24,240,29,90,-4,50,5,7,-4,7,4,1,0
Pontevedra,2000,53907,1894,27245,685,15330,432,5735,338,2454,189,1735,111,1043,122,211,6,94,7,45,2,11,1,3,1,1,0
Pontevedra,1999,52013,NULL,26560,NULL,14898,NULL,5397,NULL,2265,NULL,1624,NULL,921,NULL,205,NULL,87,NULL,43,NULL,10,NULL,2,NULL,1,NULL
"La Rioja",2012,22486,-315,11818,-248,6234,255,2178,-251,1049,-17,645,-3,413,-46,100,-3,28,-1,16,-1,4,0,1,0,0,0
"La Rioja",2011,22801,-389,12066,212,5979,-532,2429,-7,1066,-16,648,-58,459,15,103,-2,29,-5,17,5,4,-1,1,0,0,0
"La Rioja",2010,23190,-335,11854,-59,6511,-2,2436,-87,1082,-25,706,-98,444,-45,105,-21,34,1,12,2,5,-1,1,0,0,0
"La Rioja",2009,23525,-309,11913,129,6513,-244,2523,-53,1107,-36,804,-41,489,-54,126,-4,33,-5,10,-4,6,2,1,1,0,0
"La Rioja",2008,23834,430,11784,186,6757,149,2576,23,1143,22,845,43,543,4,130,7,38,-7,14,1,4,2,0,0,0,0
"La Rioja",2007,23404,1011,11598,587,6608,272,2553,73,1121,22,802,21,539,20,123,7,45,7,13,1,2,1,0,0,0,0
"La Rioja",2006,22393,795,11011,178,6336,228,2480,223,1099,93,781,47,519,20,116,12,38,-7,12,2,1,-1,0,0,0,0
"La Rioja",2005,21598,549,10833,176,6108,292,2257,28,1006,54,734,-34,499,28,104,3,45,3,10,-2,2,1,0,0,0,0
"La Rioja",2004,21049,955,10657,348,5816,358,2229,140,952,35,768,55,471,7,101,3,42,10,12,-1,1,0,0,0,0,0
"La Rioja",2003,20094,595,10309,158,5458,259,2089,134,917,-7,713,42,464,2,98,8,32,-1,13,1,1,-1,0,0,0,0
"La Rioja",2002,19499,514,10151,61,5199,223,1955,77,924,107,671,16,462,31,90,-5,33,2,12,2,2,0,0,0,0,0
"La Rioja",2001,18985,269,10090,-121,4976,170,1878,92,817,99,655,31,431,-10,95,5,31,2,10,2,2,-1,0,0,0,0
"La Rioja",2000,18716,318,10211,10,4806,131,1786,102,718,-10,624,44,441,27,90,15,29,-3,8,1,3,1,0,0,0,0
"La Rioja",1999,18398,NULL,10201,NULL,4675,NULL,1684,NULL,728,NULL,580,NULL,414,NULL,75,NULL,32,NULL,7,NULL,2,NULL,0,NULL,0,NULL
Salamanca,2012,22626,-384,12396,-252,6181,196,2200,-195,968,-64,542,-33,240,-30,63,-8,23,4,10,-1,1,0,2,-1,0,0
Salamanca,2011,23010,-366,12648,151,5985,-438,2395,5,1032,-34,575,-23,270,-20,71,-2,19,-4,11,-1,1,0,3,0,0,0
Salamanca,2010,23376,-105,12497,299,6423,-213,2390,-15,1066,-30,598,-72,290,-58,73,-10,23,-3,12,-1,1,-2,3,0,0,0
Salamanca,2009,23481,-388,12198,-37,6636,-100,2405,-118,1096,-51,670,-46,348,-35,83,-5,26,2,13,1,3,2,3,-1,0,0
Salamanca,2008,23869,275,12235,16,6736,126,2523,49,1147,50,716,5,383,30,88,2,24,2,12,-5,1,0,4,0,0,0
Salamanca,2007,23594,735,12219,260,6610,276,2474,111,1097,1,711,61,353,14,86,10,22,-3,17,5,1,0,4,0,0,0
Salamanca,2006,22859,578,11959,221,6334,239,2363,44,1096,29,650,37,339,2,76,1,25,6,12,0,1,-1,4,0,0,0
Salamanca,2005,22281,864,11738,571,6095,119,2319,103,1067,25,613,13,337,23,75,3,19,3,12,4,2,0,4,0,0,0
Salamanca,2004,21417,218,11167,-178,5976,281,2216,24,1042,52,600,26,314,15,72,-4,16,1,8,1,2,0,4,0,0,0
Salamanca,2003,21199,661,11345,258,5695,207,2192,140,990,52,574,-15,299,2,76,16,15,-1,7,0,2,1,4,1,0,0
Salamanca,2002,20538,-638,11087,-735,5488,-44,2052,36,938,36,589,28,297,32,60,7,16,1,7,1,1,0,3,0,0,0
Salamanca,2001,21176,-624,11822,-783,5532,38,2016,49,902,108,561,-11,265,-30,53,4,15,-1,6,2,1,0,3,0,0,0
Salamanca,2000,21800,1231,12605,688,5494,262,1967,158,794,48,572,53,295,24,49,-3,16,2,4,-1,1,0,3,0,0,0
Salamanca,1999,20569,NULL,11917,NULL,5232,NULL,1809,NULL,746,NULL,519,NULL,271,NULL,52,NULL,14,NULL,5,NULL,1,NULL,3,NULL,0,NULL
"Santa Cruz de Tenerife",2012,63211,-489,33913,-386,17501,352,6197,-315,2882,-40,1497,-35,789,-47,232,-8,129,-9,61,-1,7,1,3,-1,0,0
"Santa Cruz de Tenerife",2011,63700,-1365,34299,198,17149,-1187,6512,-50,2922,-155,1532,-62,836,-78,240,-21,138,-20,62,10,6,-1,4,1,0,0
"Santa Cruz de Tenerife",2010,65065,-1425,34101,295,18336,-524,6562,-381,3077,-232,1594,-329,914,-189,261,-25,158,-34,52,0,7,-3,3,-3,0,0
"Santa Cruz de Tenerife",2009,66490,-1745,33806,41,18860,-717,6943,-384,3309,-214,1923,-222,1103,-158,286,-48,192,1,52,-39,10,-6,6,1,0,0
"Santa Cruz de Tenerife",2008,68235,1512,33765,1245,19577,188,7327,47,3523,6,2145,21,1261,-7,334,11,191,-8,91,11,16,-3,5,1,0,0
"Santa Cruz de Tenerife",2007,66723,3086,32520,1821,19389,880,7280,139,3517,101,2124,71,1268,39,323,19,199,20,80,-7,19,4,4,-1,0,0
"Santa Cruz de Tenerife",2006,63637,2660,30699,1266,18509,590,7141,349,3416,275,2053,62,1229,97,304,-2,179,17,87,3,15,2,5,1,0,0
"Santa Cruz de Tenerife",2005,60977,3686,29433,2871,17919,659,6792,70,3141,-52,1991,78,1132,30,306,30,162,-3,84,3,13,1,4,-1,0,0
"Santa Cruz de Tenerife",2004,57291,890,26562,-428,17260,782,6722,312,3193,107,1913,53,1102,60,276,2,165,5,81,-7,12,4,5,0,0,0
"Santa Cruz de Tenerife",2003,56401,2411,26990,851,16478,959,6410,354,3086,107,1860,67,1042,34,274,9,160,20,88,10,8,-2,5,2,0,0
"Santa Cruz de Tenerife",2002,53990,2182,26139,592,15519,1046,6056,308,2979,79,1793,47,1008,75,265,14,140,5,78,12,10,4,3,0,0,0
"Santa Cruz de Tenerife",2001,51808,1433,25547,125,14473,582,5748,305,2900,544,1746,-52,933,-88,251,7,135,7,66,3,6,-1,3,1,0,0
"Santa Cruz de Tenerife",2000,50375,2553,25422,1153,13891,607,5443,327,2356,137,1798,178,1021,115,244,7,128,22,63,7,7,-1,2,1,0,0
"Santa Cruz de Tenerife",1999,47822,NULL,24269,NULL,13284,NULL,5116,NULL,2219,NULL,1620,NULL,906,NULL,237,NULL,106,NULL,56,NULL,8,NULL,1,NULL,0,NULL
Segovia,2012,11218,-174,6189,-94,3060,86,1093,-88,439,-67,249,-11,139,5,33,-6,9,2,5,0,1,-1,1,0,0,0
Segovia,2011,11392,-205,6283,80,2974,-244,1181,-16,506,6,260,-20,134,-15,39,4,7,0,5,0,2,0,1,0,0,0
Segovia,2010,11597,-100,6203,79,3218,-40,1197,-61,500,-4,280,-58,149,-10,35,0,7,-6,5,0,2,0,1,0,0,0
Segovia,2009,11697,-209,6124,3,3258,-157,1258,16,504,-43,338,-24,159,-5,35,0,13,3,5,-1,2,0,1,-1,0,0
Segovia,2008,11906,277,6121,107,3415,65,1242,37,547,41,362,25,164,5,35,-6,10,0,6,2,2,0,2,1,0,0
Segovia,2007,11629,597,6014,226,3350,245,1205,84,506,0,337,23,159,12,41,6,10,1,4,0,2,0,1,0,0,0
Segovia,2006,11032,452,5788,154,3105,154,1121,80,506,57,314,8,147,-5,35,5,9,-1,4,0,2,1,1,-1,0,0
Segovia,2005,10580,209,5634,9,2951,167,1041,31,449,-27,306,30,152,-5,30,2,10,2,4,-1,1,0,2,1,0,0
Segovia,2004,10371,411,5625,178,2784,164,1010,33,476,26,276,-14,157,21,28,4,8,-2,5,1,1,0,1,0,0,0
Segovia,2003,9960,262,5447,0,2620,156,977,79,450,-7,290,34,136,3,24,-4,10,0,4,-1,1,1,1,1,0,0
Segovia,2002,9698,-56,5447,-170,2464,47,898,17,457,37,256,13,133,-3,28,2,10,1,5,0,0,0,0,0,0,0
Segovia,2001,9754,-21,5617,-154,2417,39,881,59,420,49,243,-16,136,1,26,3,9,-1,5,-1,0,0,0,0,0,0
Segovia,2000,9775,203,5771,15,2378,83,822,55,371,12,259,30,135,6,23,-1,10,2,6,1,0,0,0,0,0,0
Segovia,1999,9572,NULL,5756,NULL,2295,NULL,767,NULL,359,NULL,229,NULL,129,NULL,24,NULL,8,NULL,5,NULL,0,NULL,0,NULL,0,NULL
Sevilla,2012,113049,-2055,62138,-1325,30380,688,10674,-763,4831,-308,2755,-187,1509,-127,397,-18,230,-22,86,7,28,1,20,0,1,-1
Sevilla,2011,115104,-979,63463,1060,29692,-1257,11437,-316,5139,-82,2942,-190,1636,-140,415,-39,252,-9,79,-9,27,3,20,-1,2,1
Sevilla,2010,116083,-1974,62403,193,30949,-479,11753,-461,5221,-383,3132,-544,1776,-218,454,-60,261,-10,88,-14,24,-2,21,6,1,-2
Sevilla,2009,118057,-1283,62210,970,31428,-695,12214,-332,5604,-372,3676,-385,1994,-320,514,-60,271,-21,102,-66,26,-5,15,2,3,1
Sevilla,2008,119340,3849,61240,1362,32123,1606,12546,523,5976,113,4061,122,2314,78,574,-12,292,18,168,36,31,2,13,0,2,1
Sevilla,2007,115491,5340,59878,1930,30517,2050,12023,622,5863,382,3939,232,2236,64,586,55,274,4,132,-6,29,4,13,2,1,1
Sevilla,2006,110151,5304,57948,2551,28467,1234,11401,767,5481,366,3707,193,2172,141,531,7,270,39,138,2,25,6,11,-2,0,0
Sevilla,2005,104847,4538,55397,2056,27233,1400,10634,388,5115,265,3514,164,2031,177,524,41,231,23,136,24,19,1,13,-1,0,0
Sevilla,2004,100309,6586,53341,2843,25833,2067,10246,878,4850,360,3350,248,1854,147,483,12,208,13,112,15,18,3,14,1,0,-1
Sevilla,2003,93723,4356,50498,1613,23766,1487,9368,656,4490,250,3102,176,1707,119,471,26,195,10,97,18,15,-4,13,4,1,1
Sevilla,2002,89367,1523,48885,-149,22279,896,8712,311,4240,193,2926,125,1588,117,445,14,185,14,79,-6,19,10,9,-2,0,0
Sevilla,2001,87844,246,49034,-1805,21383,809,8401,499,4047,548,2801,182,1471,-39,431,24,171,19,85,7,9,2,11,1,0,-1
Sevilla,2000,87598,1445,50839,124,20574,305,7902,295,3499,226,2619,222,1510,218,407,49,152,7,78,-1,7,-1,10,0,1,1
Sevilla,1999,86153,NULL,50715,NULL,20269,NULL,7607,NULL,3273,NULL,2397,NULL,1292,NULL,358,NULL,145,NULL,79,NULL,8,NULL,10,NULL,0,NULL
Soria,2012,5907,42,3024,-55,1752,177,600,-71,246,5,174,-8,73,-7,18,-3,12,2,6,2,1,0,1,0,0,0
Soria,2011,5865,-20,3079,-17,1575,24,671,3,241,-17,182,-8,80,-3,21,-4,10,1,4,1,1,0,1,0,0,0
Soria,2010,5885,-156,3096,33,1551,-189,668,8,258,3,190,3,83,-15,25,2,9,0,3,-1,1,0,1,0,0,0
Soria,2009,6041,-46,3063,16,1740,-57,660,5,255,7,187,-13,98,0,23,-2,9,-1,4,-1,1,0,1,0,0,0
Soria,2008,6087,79,3047,-2,1797,42,655,24,248,-11,200,24,98,-2,25,2,10,2,5,-1,1,1,1,0,0,0
Soria,2007,6008,108,3049,68,1755,39,631,4,259,-5,176,1,100,0,23,1,8,-2,6,2,0,0,1,0,0,0
Soria,2006,5900,75,2981,42,1716,-4,627,17,264,16,175,-2,100,0,22,3,10,4,4,-1,0,0,1,0,0,0
Soria,2005,5825,124,2939,70,1720,42,610,8,248,9,177,-3,100,-4,19,3,6,-2,5,1,0,0,1,0,0,0
Soria,2004,5701,106,2869,-72,1678,122,602,36,239,-8,180,19,104,5,16,1,8,2,4,0,0,0,1,1,0,0
Soria,2003,5595,95,2941,-4,1556,58,566,29,247,12,161,-5,99,3,15,-1,6,1,4,2,0,0,0,0,0,0
Soria,2002,5500,98,2945,-40,1498,94,537,31,235,-6,166,14,96,3,16,2,5,0,2,0,0,0,0,0,0,0
Soria,2001,5402,-19,2985,-81,1404,7,506,23,241,47,152,-11,93,-6,14,3,5,-1,2,1,0,-1,0,0,0,0
Soria,2000,5421,77,3066,11,1397,22,483,22,194,10,163,3,99,11,11,1,6,-1,1,-1,1,-1,0,0,0,0
Soria,1999,5344,NULL,3055,NULL,1375,NULL,461,NULL,184,NULL,160,NULL,88,NULL,10,NULL,7,NULL,2,NULL,2,NULL,0,NULL,0,NULL
Tarragona,2012,53253,-1281,28647,-735,15417,471,5000,-672,2116,-119,1143,-119,611,-76,179,-13,81,-16,40,-1,12,0,7,-1,0,0
Tarragona,2011,54534,-1380,29382,-2,14946,-1092,5672,-38,2235,-104,1262,-78,687,-50,192,7,97,-24,41,-2,12,1,8,2,0,0
Tarragona,2010,55914,-1001,29384,530,16038,-630,5710,-237,2339,-254,1340,-284,737,-96,185,-23,121,-7,43,3,11,-2,6,-1,0,0
Tarragona,2009,56915,-2058,28854,81,16668,-949,5947,-491,2593,-293,1624,-217,833,-150,208,-32,128,3,40,-11,13,0,7,1,0,0
Tarragona,2008,58973,2174,28773,1206,17617,765,6438,109,2886,21,1841,58,983,3,240,2,125,9,51,-2,13,3,6,0,0,0
Tarragona,2007,56799,3994,27567,2302,16852,1212,6329,222,2865,130,1783,61,980,39,238,22,116,0,53,4,10,1,6,1,0,0
Tarragona,2006,52805,1646,25265,278,15640,658,6107,354,2735,233,1722,60,941,43,216,1,116,17,49,1,9,1,5,0,0,0
Tarragona,2005,51159,1525,24987,1285,14982,216,5753,34,2502,-91,1662,-8,898,55,215,15,99,16,48,4,8,-1,5,0,0,0
Tarragona,2004,49634,3857,23702,1654,14766,1205,5719,583,2593,200,1670,170,843,32,200,7,83,7,44,-4,9,2,5,1,0,0
Tarragona,2003,45777,1169,22048,352,13561,502,5136,121,2393,164,1500,32,811,-7,193,3,76,-4,48,6,7,3,4,-3,0,0
Tarragona,2002,44608,1058,21696,-132,13059,541,5015,345,2229,111,1468,94,818,70,190,20,80,5,42,1,4,0,7,3,0,0
Tarragona,2001,43550,1131,21828,-81,12518,618,4670,268,2118,300,1374,35,748,-31,170,9,75,8,41,5,4,0,4,1,0,-1
Tarragona,2000,42419,1235,21909,390,11900,298,4402,222,1818,107,1339,102,779,83,161,23,67,3,36,7,4,-1,3,1,1,0
Tarragona,1999,41184,NULL,21519,NULL,11602,NULL,4180,NULL,1711,NULL,1237,NULL,696,NULL,138,NULL,64,NULL,29,NULL,5,NULL,2,NULL,1,NULL
Teruel,2012,9212,-48,4558,-39,2911,162,989,-98,405,-35,215,-16,106,-17,17,-4,5,-1,5,0,1,0,0,0,0,0
Teruel,2011,9260,-128,4597,5,2749,-114,1087,-4,440,0,231,-8,123,-6,21,-1,6,-1,5,1,1,0,0,0,0,0
Teruel,2010,9388,-145,4592,-85,2863,31,1091,-7,440,-26,239,-31,129,-20,22,-2,7,-3,4,0,1,-1,0,-1,0,0
Teruel,2009,9533,-139,4677,15,2832,-103,1098,-16,466,6,270,-34,149,-2,24,-4,10,1,4,-2,2,-1,1,1,0,0
Teruel,2008,9672,170,4662,30,2935,50,1114,38,460,7,304,33,151,7,28,3,9,0,6,2,3,0,0,0,0,0
Teruel,2007,9502,403,4632,112,2885,206,1076,35,453,26,271,11,144,15,25,-2,9,2,4,-2,3,0,0,0,0,0
Teruel,2006,9099,295,4520,123,2679,55,1041,68,427,17,260,28,129,-1,27,7,7,1,6,-4,3,1,0,0,0,0
Teruel,2005,8804,99,4397,25,2624,-16,973,54,410,14,232,-2,130,21,20,3,6,-4,10,6,2,-2,0,0,0,0
Teruel,2004,8705,448,4372,156,2640,206,919,24,396,37,234,10,109,14,17,4,10,0,4,-4,4,1,0,0,0,0
Teruel,2003,8257,240,4216,58,2434,129,895,29,359,19,224,-6,95,5,13,-2,10,1,8,4,3,3,0,0,0,0
Teruel,2002,8017,89,4158,-17,2305,35,866,38,340,6,230,33,90,-1,15,-2,9,2,4,-5,0,0,0,0,0,0
Teruel,2001,7928,1,4175,-91,2270,42,828,20,334,45,197,-12,91,-7,17,-1,7,0,9,5,0,0,0,0,0,0
Teruel,2000,7927,128,4266,4,2228,59,808,46,289,14,209,5,98,1,18,0,7,0,4,-1,0,0,0,0,0,0
Teruel,1999,7799,NULL,4262,NULL,2169,NULL,762,NULL,275,NULL,204,NULL,97,NULL,18,NULL,7,NULL,5,NULL,0,NULL,0,NULL,0,NULL
Toledo,2012,43717,-1137,23224,-178,12812,193,4118,-715,1745,-204,1072,-126,559,-90,122,-3,46,-12,17,-2,2,0,0,0,0,0
Toledo,2011,44854,-369,23402,407,12619,-522,4833,-8,1949,-90,1198,-104,649,-30,125,-12,58,-10,19,0,2,0,0,0,0,0
Toledo,2010,45223,-1576,22995,-259,13141,-468,4841,-271,2039,-189,1302,-241,679,-138,137,-13,68,11,19,-7,2,-1,0,0,0,0
Toledo,2009,46799,-1703,23254,-284,13609,-666,5112,-210,2228,-193,1543,-164,817,-125,150,-47,57,0,26,-13,3,-1,0,0,0,0
Toledo,2008,48502,2160,23538,680,14275,913,5322,244,2421,151,1707,94,942,50,197,25,57,-4,39,8,4,-1,0,0,0,0
Toledo,2007,46342,3553,22858,1693,13362,1294,5078,262,2270,102,1613,138,892,51,172,14,61,-3,31,2,5,1,0,-1,0,0
Toledo,2006,42789,2373,21165,633,12068,813,4816,481,2168,267,1475,80,841,72,158,7,64,17,29,1,4,1,1,1,0,0
Toledo,2005,40416,1959,20532,775,11255,667,4335,265,1901,118,1395,51,769,69,151,9,47,6,28,-1,3,0,0,0,0,0
Toledo,2004,38457,2456,19757,1094,10588,831,4070,340,1783,79,1344,81,700,23,142,12,41,-4,29,1,3,-1,0,0,0,0
Toledo,2003,36001,4218,18663,2472,9757,1243,3730,322,1704,59,1263,77,677,25,130,5,45,6,28,7,4,2,0,0,0,0
Toledo,2002,31783,-1375,16191,-1497,8514,-6,3408,17,1645,44,1186,36,652,28,125,7,39,-2,21,-1,2,-1,0,0,0,0
Toledo,2001,33158,365,17688,-406,8520,333,3391,256,1601,201,1150,-4,624,-27,118,-1,41,13,22,1,3,-1,0,0,0,0
Toledo,2000,32793,801,18094,169,8187,239,3135,164,1400,86,1154,94,651,23,119,17,28,3,21,4,4,2,0,0,0,0
Toledo,1999,31992,NULL,17925,NULL,7948,NULL,2971,NULL,1314,NULL,1060,NULL,628,NULL,102,NULL,25,NULL,17,NULL,2,NULL,0,NULL,0,NULL
"Total Nacional",2012,3199617,-50959,1764987,-30334,867550,19598,288896,-24512,131944,-6096,79113,-5721,43070,-3090,12700,-579,6434,-151,3214,-74,935,12,669,-10,105,-2
"Total Nacional",2011,3250576,-40687,1795321,21316,847952,-45053,313408,-4747,138040,-4976,84834,-3562,46160,-2605,13279,-466,6585,-513,3288,-86,923,-29,679,28,107,6
"Total Nacional",2010,3291263,-64567,1774005,6535,893005,-26087,318155,-14516,143016,-8217,88396,-13205,48765,-6876,13745,-1330,7098,-574,3374,-204,952,-56,651,-27,101,-10
"Total Nacional",2009,3355830,-66409,1767470,13096,919092,-39619,332671,-13177,151233,-9227,101601,-8768,55641,-6068,15075,-1167,7672,-389,3578,-933,1008,-109,678,-47,111,-1
"Total Nacional",2008,3422239,85582,1754374,48234,958711,26185,345848,5210,160460,2301,110369,1503,61709,971,16242,505,8061,281,4511,293,1117,45,725,41,112,13
"Total Nacional",2007,3336657,162264,1706140,89257,932526,50778,340638,11818,158159,3524,108866,3396,60738,2013,15737,650,7780,413,4218,310,1072,73,684,26,99,6
"Total Nacional",2006,3174393,110264,1616883,42717,881748,31381,328820,18033,154635,9192,105470,5259,58725,2465,15087,693,7367,364,3908,91,999,32,658,28,93,9
"Total Nacional",2005,3064129,121546,1574166,73770,850367,32218,310787,7004,145443,2026,100211,1966,56260,2993,14394,924,7003,353,3817,227,967,22,630,38,84,5
"Total Nacional",2004,2942583,129424,1500396,40458,818149,57634,303783,18132,143417,6738,98245,4422,53267,1648,13470,-16,6650,248,3590,50,945,67,592,42,79,1
"Total Nacional",2003,2813159,102759,1459938,34606,760515,43601,285651,13887,136679,5013,93823,3983,51619,1024,13486,18,6402,212,3540,264,878,63,550,84,78,4
"Total Nacional",2002,2710400,65083,1425332,16540,716914,23950,271764,12000,131666,5616,89840,3532,50595,2390,13468,515,6190,323,3276,96,815,71,466,48,74,2
"Total Nacional",2001,2645317,49925,1408792,-8429,692964,26910,259764,13104,126050,17516,86308,1049,48205,-1650,12953,591,5867,494,3180,270,744,47,418,22,72,1
"Total Nacional",2000,2595392,76591,1417221,29105,666054,17283,246660,11529,108534,6817,85259,5836,49855,4216,12362,1014,5373,547,2910,170,697,34,396,34,71,6
"Total Nacional",1999,2518801,NULL,1388116,NULL,648771,NULL,235131,NULL,101717,NULL,79423,NULL,45639,NULL,11348,NULL,4826,NULL,2740,NULL,663,NULL,362,NULL,65,NULL
Valencia,2012,173008,-4010,93865,-1640,48702,711,15560,-1853,6980,-462,4306,-443,2292,-252,699,-57,346,-11,179,-7,41,5,34,-1,4,0
Valencia,2011,177018,-1737,95505,1968,47991,-2228,17413,-496,7442,-386,4749,-324,2544,-179,756,-25,357,-69,186,8,36,-10,35,5,4,-1
Valencia,2010,178755,-5728,93537,-128,50219,-2005,17909,-1129,7828,-748,5073,-1036,2723,-486,781,-126,426,-58,178,-7,46,-6,30,1,5,0
Valencia,2009,184483,-5448,93665,-342,52224,-2075,19038,-1080,8576,-687,6109,-611,3209,-497,907,-102,484,17,185,-71,52,-2,29,1,5,1
Valencia,2008,189931,3966,94007,1835,54299,1563,20118,377,9263,0,6720,83,3706,40,1009,35,467,22,256,8,54,5,28,-3,4,1
Valencia,2007,185965,10038,92172,5362,52736,3103,19741,781,9263,474,6637,233,3666,31,974,18,445,-3,248,37,49,-1,31,4,3,-1
Valencia,2006,175927,7791,86810,2862,49633,2802,18960,1246,8789,407,6404,263,3635,127,956,53,448,39,211,-2,50,-5,27,-2,4,1
Valencia,2005,168136,3988,83948,1479,46831,1615,17714,498,8382,123,6141,65,3508,127,903,41,409,18,213,9,55,7,29,5,3,1
Valencia,2004,164148,10714,82469,5296,45216,3447,17216,1073,8259,449,6076,232,3381,125,862,21,391,41,204,19,48,5,24,7,2,-1
Valencia,2003,153434,5086,77173,1509,41769,2473,16143,709,7810,194,5844,180,3256,5,841,7,350,-24,185,23,43,8,17,4,3,-2
Valencia,2002,148348,1656,75664,-500,39296,964,15434,460,7616,418,5664,207,3251,74,834,0,374,20,162,0,35,11,13,0,5,2
Valencia,2001,146692,1226,76164,-1778,38332,1329,14974,751,7198,911,5457,-33,3177,-17,834,25,354,37,162,7,24,-8,13,3,3,-1
Valencia,2000,145466,2983,77942,1288,37003,291,14223,389,6287,343,5490,279,3194,261,809,63,317,53,155,14,32,4,10,-3,4,1
Valencia,1999,142483,NULL,76654,NULL,36712,NULL,13834,NULL,5944,NULL,5211,NULL,2933,NULL,746,NULL,264,NULL,141,NULL,28,NULL,13,NULL,3,NULL
Valladolid,2012,34309,-548,18384,-343,9690,284,3186,-350,1437,-56,890,-46,472,-32,133,-6,69,4,29,-5,10,2,8,0,1,0
Valladolid,2011,34857,-397,18727,43,9406,-333,3536,51,1493,-75,936,-46,504,-29,139,-4,65,-2,34,-4,8,3,8,0,1,-1
Valladolid,2010,35254,-225,18684,392,9739,-225,3485,-146,1568,-68,982,-81,533,-76,143,-13,67,-11,38,5,5,-4,8,2,2,0
Valladolid,2009,35479,-574,18292,-154,9964,-164,3631,-38,1636,-75,1063,-69,609,-63,156,-6,78,-12,33,6,9,2,6,-2,2,1
Valladolid,2008,36053,880,18446,309,10128,304,3669,157,1711,58,1132,20,672,22,162,9,90,6,27,-6,7,2,8,-1,1,0
Valladolid,2007,35173,1679,18137,1023,9824,383,3512,134,1653,64,1112,55,650,25,153,-16,84,9,33,2,5,-1,9,1,1,0
Valladolid,2006,33494,1482,17114,722,9441,446,3378,118,1589,90,1057,46,625,34,169,15,75,10,31,0,6,0,8,1,1,0
Valladolid,2005,32012,860,16392,359,8995,293,3260,109,1499,52,1011,-4,591,36,154,9,65,6,31,-2,6,1,7,1,1,0
Valladolid,2004,31152,900,16033,20,8702,662,3151,114,1447,30,1015,44,555,43,145,-16,59,8,33,-5,5,-1,6,2,1,-1
Valladolid,2003,30252,926,16013,183,8040,520,3037,161,1417,26,971,34,512,-20,161,10,51,4,38,10,6,-2,4,1,2,-1
Valladolid,2002,29326,-91,15830,-485,7520,204,2876,72,1391,68,937,21,532,23,151,4,47,-3,28,2,8,3,3,0,3,0
Valladolid,2001,29417,103,16315,-387,7316,182,2804,166,1323,131,916,0,509,-23,147,29,50,2,26,3,5,-1,3,1,3,0
Valladolid,2000,29314,1343,16702,767,7134,175,2638,170,1192,103,916,92,532,27,118,4,48,-1,23,5,6,1,2,0,3,0
Valladolid,1999,27971,NULL,15935,NULL,6959,NULL,2468,NULL,1089,NULL,824,NULL,505,NULL,114,NULL,49,NULL,18,NULL,5,NULL,2,NULL,3,NULL
Zamora,2012,11977,-31,6632,-23,3454,200,1102,-142,423,-38,215,-22,105,-1,25,-6,16,0,3,0,1,1,1,0,0,0
Zamora,2011,12008,-90,6655,141,3254,-248,1244,21,461,25,237,-27,106,-7,31,6,16,0,3,-1,0,0,1,0,0,0
Zamora,2010,12098,-280,6514,-112,3502,-23,1223,-34,436,-46,264,-42,113,-21,25,0,16,-2,4,0,0,0,1,0,0,0
Zamora,2009,12378,-194,6626,-19,3525,-92,1257,-7,482,-45,306,-3,134,-18,25,-7,18,-3,4,0,0,0,1,0,0,0
Zamora,2008,12572,86,6645,-41,3617,66,1264,-2,527,42,309,2,152,18,32,0,21,1,4,0,0,0,1,0,0,0
Zamora,2007,12486,372,6686,215,3551,43,1266,68,485,2,307,32,134,4,32,6,20,0,4,2,0,0,1,0,0,0
Zamora,2006,12114,199,6471,3,3508,81,1198,53,483,41,275,14,130,2,26,3,20,4,2,-2,0,0,1,0,0,0
Zamora,2005,11915,144,6468,130,3427,7,1145,7,442,-1,261,-15,128,16,23,-2,16,0,4,2,0,0,1,0,0,0
Zamora,2004,11771,252,6338,19,3420,82,1138,73,443,46,276,33,112,-9,25,3,16,5,2,1,0,-1,1,0,0,0
Zamora,2003,11519,161,6319,-64,3338,192,1065,51,397,-27,243,6,121,3,22,-4,11,3,1,-1,1,1,1,1,0,0
Zamora,2002,11358,-89,6383,-205,3146,38,1014,12,424,47,237,15,118,2,26,5,8,-3,2,0,0,0,0,0,0,0
Zamora,2001,11447,121,6588,-55,3108,115,1002,39,377,18,222,-5,116,1,21,5,11,2,2,1,0,0,0,0,0,0
Zamora,2000,11326,212,6643,-17,2993,112,963,75,359,7,227,17,115,15,16,-2,9,4,1,1,0,0,0,0,0,0
Zamora,1999,11114,NULL,6660,NULL,2881,NULL,888,NULL,352,NULL,210,NULL,100,NULL,18,NULL,5,NULL,0,NULL,0,NULL,0,NULL,0,NULL
Zaragoza,2012,63753,-1465,34630,-1132,16984,599,5930,-595,2874,-63,1798,-177,992,-65,321,-24,125,-18,61,8,25,0,12,3,1,-1
Zaragoza,2011,65218,-1049,35762,884,16385,-1469,6525,-95,2937,-144,1975,-123,1057,-85,345,1,143,-13,53,-9,25,5,9,-1,2,0
Zaragoza,2010,66267,-646,34878,225,17854,-241,6620,-160,3081,-82,2098,-201,1142,-134,344,-24,156,-6,62,-16,20,-2,10,-4,2,-1
Zaragoza,2009,66913,-1237,34653,342,18095,-881,6780,-298,3163,-133,2299,-91,1276,-133,368,-17,162,-12,78,-19,22,7,14,-1,3,-1
Zaragoza,2008,68150,2184,34311,1193,18976,586,7078,121,3296,118,2390,59,1409,43,385,43,174,20,97,1,15,-3,15,2,4,1
Zaragoza,2007,65966,3149,33118,1492,18390,1107,6957,311,3178,40,2331,67,1366,94,342,19,154,11,96,10,18,0,13,-2,3,0
Zaragoza,2006,62817,-2994,31626,-2613,17283,-705,6646,88,3138,105,2264,64,1272,60,323,1,143,7,86,1,18,-1,15,-1,3,0
Zaragoza,2005,65811,3780,34239,2471,17988,915,6558,128,3033,77,2200,90,1212,70,322,23,136,6,85,3,19,-3,16,0,3,0
Zaragoza,2004,62031,1821,31768,410,17073,1058,6430,280,2956,21,2110,41,1142,-4,299,13,130,-12,82,10,22,2,16,2,3,0
Zaragoza,2003,60210,583,31358,-354,16015,516,6150,261,2935,97,2069,77,1146,-12,286,-8,142,7,72,-6,20,1,14,2,3,2
Zaragoza,2002,59627,544,31712,-542,15499,533,5889,271,2838,154,1992,22,1158,74,294,11,135,13,78,8,19,-1,12,1,1,0
Zaragoza,2001,59083,4872,32254,4127,14966,351,5618,188,2684,268,1970,-6,1084,-85,283,23,122,4,70,-5,20,6,11,1,1,0
Zaragoza,2000,54211,-3092,28127,-3866,14615,104,5430,228,2416,200,1976,123,1169,84,260,15,118,5,75,14,14,0,10,1,1,0
Zaragoza,1999,57303,NULL,31993,NULL,14511,NULL,5202,NULL,2216,NULL,1853,NULL,1085,NULL,245,NULL,113,NULL,61,NULL,14,NULL,9,NULL,1,NULL
