provincia,año,total,asalariados_0,asalariados_1_2,asalariados_3_5,asalariados_6_9,asalariados_10_19,asalariados_20_49,asalariados_50_99,asalariados_100_199,asalariados_200_499,asalariados_500_999,asalariados_1000_4999,asalariados_5000
Albacete,2012,26400,14103,7622,2565,1048,607,344,67,28,12,1,3,0
Albacete,2011,26839,14112,7612,2787,1163,683,361,75,27,15,1,3,0
Albacete,2010,27256,14221,7763,2827,1195,728,396,74,34,14,1,3,0
Albacete,2009,27380,14030,7703,2945,1279,839,447,79,38,17,1,2,0
Albacete,2008,27647,13320,8334,3062,1383,885,499,98,42,21,1,2,0
Albacete,2007,27068,13137,8050,3010,1345,879,489,86,49,21,0,2,0
Albacete,2006,25531,12324,7655,2830,1258,851,466,83,44,17,2,1,0
Albacete,2005,24685,12114,7291,2654,1209,843,433,82,42,14,2,1,0
Albacete,2004,23550,11405,6974,2619,1238,781,410,68,37,15,2,1,0
Albacete,2003,22547,11146,6591,2386,1148,760,397,73,27,18,0,1,0
Albacete,2002,21875,11116,6147,2256,1108,703,429,74,27,15,0,0,0
Albacete,2001,21451,11186,5886,2205,996,672,399,65,27,15,0,0,0
Albacete,2000,21241,11638,5575,2016,835,683,395,63,23,13,0,0,0
Albacete,1999,20836,11592,5474,1901,817,618,343,55,26,9,1,0,0
Alicante,2012,129728,72406,35811,11487,5015,2911,1531,358,135,51,14,7,2
Alicante,2011,131564,72759,35556,12705,5220,3081,1652,380,136,55,12,7,1
Alicante,2010,132814,70468,38185,12932,5513,3295,1786,404,153,62,9,6,1
Alicante,2009,136239,68950,40080,14211,6148,3967,2176,442,183,63,9,8,2
Alicante,2008,142307,69604,42488,15276,6944,4634,2530,519,205,88,9,8,2
Alicante,2007,140145,68152,41710,15331,6861,4716,2589,511,188,70,6,9,2
Alicante,2006,133016,64230,39074,14791,6893,4711,2537,533,163,69,8,6,1
Alicante,2005,123333,58710,36851,13880,6365,4401,2410,489,148,62,14,2,1
Alicante,2004,113852,51812,35077,13437,6220,4358,2300,423,146,64,12,2,1
Alicante,2003,111805,53357,32792,12673,5891,4182,2251,452,142,53,9,2,1
Alicante,2002,107294,52341,30711,11828,5649,3947,2173,463,114,57,8,2,1
Alicante,2001,103415,51388,28977,11273,5353,3720,2120,420,104,48,10,1,1
Alicante,2000,98845,50029,27408,10422,4656,3672,2109,403,91,43,11,0,1
Alicante,1999,93644,47622,26284,9667,4221,3425,1929,363,87,38,7,1,0
Almería,2012,41021,21813,12171,3981,1610,798,440,100,61,30,12,5,0
Almería,2011,41581,21653,12149,4444,1691,923,491,111,70,34,11,4,0
Almería,2010,42546,21238,13018,4658,1861,971,545,118,86,33,13,5,0
Almería,2009,43501,21102,13337,4973,1992,1171,645,138,94,33,13,3,0
Almería,2008,45130,20965,14029,5365,2254,1431,751,173,95,48,15,4,0
Almería,2007,43970,20752,13268,5275,2169,1397,787,154,98,49,17,4,0
Almería,2006,40871,19336,12120,4963,2094,1314,736,166,76,51,11,4,0
Almería,2005,38766,18929,11455,4353,1893,1157,684,161,81,39,11,3,0
Almería,2004,36260,17372,11053,4099,1752,1134,591,149,57,40,12,1,0
Almería,2003,33947,16837,9910,3818,1533,1067,529,146,53,44,8,2,0
Almería,2002,32099,16210,9295,3420,1482,971,499,126,52,34,7,3,0
Almería,2001,30540,15715,8760,3088,1413,889,471,111,56,29,6,2,0
Almería,2000,29913,16206,8124,2887,1150,884,480,102,43,31,5,1,0
Almería,1999,28725,15696,7802,2748,1101,802,416,89,40,26,4,1,0
Álava,2012,20644,9362,6325,2251,1129,791,535,132,79,23,11,5,1
Álava,2011,21192,9870,6329,2303,1132,812,503,131,70,28,10,3,1
Álava,2010,21675,10038,6530,2354,1167,805,542,131,61,34,10,2,1
Álava,2009,21988,9938,6714,2438,1140,911,583,139,79,34,9,3,0
Álava,2008,22318,9942,6944,2436,1183,942,600,149,74,36,7,5,0
Álava,2007,20676,8904,6544,2350,1150,884,572,152,69,37,9,5,0
Álava,2006,20349,8680,6518,2344,1105,905,515,158,76,36,10,2,0
Álava,2005,19838,8257,6585,2255,1072,875,522,152,71,36,10,3,0
Álava,2004,19779,8507,6336,2227,1141,807,500,142,73,32,11,3,0
Álava,2003,19638,8834,6038,2123,1134,786,469,135,73,32,10,4,0
Álava,2002,19310,9105,5651,2039,1081,742,462,126,63,28,9,4,0
Álava,2001,19011,8492,6190,1972,960,740,426,129,57,30,11,4,0
Álava,2000,19046,8943,5905,1894,880,723,477,127,55,29,8,5,0
Álava,1999,18384,8909,5595,1764,847,647,423,109,47,33,7,3,0
Asturias,2012,68967,37110,19996,6307,2684,1625,821,241,105,56,12,8,2
Asturias,2011,69877,37416,19679,6881,2822,1737,902,249,110,58,12,9,2
Asturias,2010,70362,37193,20087,6963,3002,1720,936,254,125,52,19,10,1
Asturias,2009,71853,37244,20881,7188,3059,1972,1021,272,134,53,16,12,1
Asturias,2008,73124,37534,21456,7324,3132,2064,1101,271,139,71,14,17,1
Asturias,2007,72276,37377,21074,7161,3081,2001,1082,267,130,68,19,15,1
Asturias,2006,70115,36420,20203,7043,3026,1939,1019,253,121,59,20,11,1
Asturias,2005,68175,35338,19765,6771,2992,1818,1041,248,113,60,17,11,1
Asturias,2004,67039,34632,19491,6648,2980,1853,1006,231,109,58,20,10,1
Asturias,2003,65062,33960,18630,6441,2869,1768,983,216,116,55,15,7,2
Asturias,2002,63209,33510,17648,6136,2757,1803,919,255,100,55,16,7,3
Asturias,2001,65301,36299,17369,5928,2668,1740,900,230,92,57,10,6,2
Asturias,2000,63133,35770,16384,5612,2348,1693,932,231,90,56,10,4,3
Asturias,1999,46612,23318,13639,4860,2049,1555,833,208,76,56,10,5,3
Ávila,2012,10735,5713,3278,1079,365,194,84,11,7,2,1,1,0
Ávila,2011,10740,5788,3090,1138,393,221,85,10,11,2,1,1,0
Ávila,2010,11414,5892,3352,1297,477,261,106,15,7,2,2,3,0
Ávila,2009,11455,5919,3405,1267,467,253,113,17,10,2,1,1,0
Ávila,2008,11708,5958,3534,1269,495,299,121,19,9,2,1,1,0
Ávila,2007,11434,5865,3479,1209,447,289,114,17,10,2,1,1,0
Ávila,2006,10900,5647,3278,1119,449,268,109,21,5,2,1,1,0
Ávila,2005,10611,5661,3096,1058,405,266,99,17,4,2,2,1,0
Ávila,2004,10319,5498,3028,1052,379,237,96,20,3,2,3,1,0
Ávila,2003,10211,5598,2897,1000,378,226,84,17,4,3,3,1,0
Ávila,2002,9855,5498,2741,937,352,216,89,13,6,1,2,0,0
Ávila,2001,9842,5601,2680,912,339,210,81,11,5,1,2,0,0
Ávila,2000,9904,5822,2597,886,279,211,88,13,5,1,2,0,0
Ávila,1999,9742,5810,2511,829,295,200,76,13,6,0,2,0,0
Badajoz,2012,39433,21650,10956,3781,1533,890,431,119,49,16,6,2,0
Badajoz,2011,39426,22530,9742,3894,1645,953,464,129,46,14,7,1,1
Badajoz,2010,39739,22639,9765,3974,1695,935,512,130,68,15,4,1,1
Badajoz,2009,40874,22416,10762,4084,1716,1112,566,136,60,14,6,1,1
Badajoz,2008,41358,21698,11669,4098,1809,1222,604,162,57,32,5,1,1
Badajoz,2007,40168,21351,11140,3974,1698,1167,599,147,56,28,6,1,1
Badajoz,2006,38045,20129,10667,3794,1590,1097,541,151,47,24,4,1,0
Badajoz,2005,37052,20030,10141,3612,1540,1001,513,135,56,19,4,1,0
Badajoz,2004,34972,18696,9737,3478,1443,944,501,116,36,17,3,1,0
Badajoz,2003,34866,19341,9313,3209,1460,904,469,112,32,17,6,3,0
Badajoz,2002,34044,18959,8908,3193,1441,921,449,126,32,13,2,0,0
Badajoz,2001,33316,18862,8661,2968,1322,911,425,123,25,18,1,0,0
Badajoz,2000,33970,19809,8589,2912,1175,892,443,103,22,23,2,0,0
Badajoz,1999,31708,18629,8039,2653,1035,803,411,99,22,15,2,0,0
Islas Baleares,2012,85372,46345,23735,8228,3662,1962,948,267,149,49,13,13,1
Islas Baleares,2011,87461,47660,23150,9036,3867,2188,1058,269,152,54,12,14,1
Islas Baleares,2010,89562,47635,24667,9249,3969,2365,1125,289,177,54,17,14,1
Islas Baleares,2009,91826,47921,25176,9800,4243,2767,1329,313,182,58,20,16,1
Islas Baleares,2008,93335,47167,26531,9883,4589,2974,1527,320,196,104,26,17,1
Islas Baleares,2007,91254,45778,26157,9747,4557,2902,1473,310,184,100,25,20,1
Islas Baleares,2006,88027,43935,25188,9515,4490,2871,1425,294,187,83,18,19,2
Islas Baleares,2005,87024,44359,24662,9230,4109,2743,1348,282,169,87,20,13,2
Islas Baleares,2004,85425,41921,24808,9580,4425,2807,1310,269,186,86,16,15,2
Islas Baleares,2003,75951,37238,21923,8364,3912,2653,1277,287,191,74,20,10,2
Islas Baleares,2002,73358,36162,20731,8084,3904,2628,1252,306,193,75,12,9,2
Islas Baleares,2001,71424,35600,20013,7782,3737,2506,1234,295,170,64,13,9,1
Islas Baleares,2000,69574,35965,19036,7271,3143,2405,1246,285,142,61,11,8,1
Islas Baleares,1999,67132,34781,18712,6907,2940,2184,1154,248,126,60,12,8,0
Barcelona,2012,446147,258810,109209,37047,18314,11694,6814,2163,1192,583,184,120,17
Barcelona,2011,453485,263257,107287,39830,19020,12491,7189,2285,1169,618,186,137,16
Barcelona,2010,458918,260253,113603,40420,19795,12899,7467,2305,1219,630,186,124,17
Barcelona,2009,467385,258650,117148,42860,20608,14813,8429,2560,1309,665,191,135,17
Barcelona,2008,477942,258125,123298,44610,21837,15797,9161,2631,1357,766,214,128,18
Barcelona,2007,469432,253129,119741,44671,21966,15928,9065,2562,1299,735,198,122,16
Barcelona,2006,444410,236491,112564,44155,21809,15730,8957,2432,1254,682,200,119,17
Barcelona,2005,436294,232893,110874,42647,21128,15375,8791,2362,1221,658,208,124,13
Barcelona,2004,417425,219520,106962,41881,20972,15265,8412,2280,1158,651,196,116,12
Barcelona,2003,397693,210245,98973,40204,20498,14861,8485,2330,1163,626,189,108,11
Barcelona,2002,391573,210333,94980,38696,20065,14386,8697,2413,1103,620,171,99,10
Barcelona,2001,374027,200493,90357,36762,19584,14138,8337,2368,1100,624,163,92,9
Barcelona,2000,373806,204901,88957,36009,16930,14089,8734,2327,1021,592,150,88,8
Barcelona,1999,374414,209535,88721,34856,16072,13218,8117,2154,935,577,144,76,9
Vizcaya,2012,82787,43518,23674,7382,3587,2401,1413,423,215,112,35,25,2
Vizcaya,2011,85848,45895,24303,7318,3618,2458,1428,439,200,125,35,27,2
Vizcaya,2010,87527,46328,25094,7463,3705,2590,1490,458,206,128,37,26,2
Vizcaya,2009,88130,45712,25767,7617,3680,2800,1665,467,218,137,38,28,1
Vizcaya,2008,89416,46202,26243,7765,3683,2932,1690,475,217,144,36,26,3
Vizcaya,2007,84209,42399,25241,7517,3665,2829,1686,459,214,137,34,25,3
Vizcaya,2006,82541,41537,24664,7466,3658,2736,1628,455,207,132,32,23,3
Vizcaya,2005,80508,39825,24695,7280,3589,2664,1621,430,213,133,29,26,3
Vizcaya,2004,79389,39795,23798,7146,3652,2613,1567,413,212,131,33,27,2
Vizcaya,2003,79082,41428,22321,6916,3539,2609,1464,403,218,129,31,23,1
Vizcaya,2002,77699,42401,20858,6631,3333,2423,1316,348,212,126,29,19,3
Vizcaya,2001,78531,40958,23081,6790,3322,2362,1284,371,191,124,28,16,4
Vizcaya,2000,77284,40983,22408,6503,2946,2327,1391,391,188,101,29,15,2
Vizcaya,1999,76042,42246,20984,6065,2606,2186,1272,382,162,99,24,13,3
Burgos,2012,25196,14025,6521,2354,1062,674,381,110,42,17,7,3,0
Burgos,2011,25208,14006,6212,2605,1091,696,418,101,43,23,9,4,0
Burgos,2010,25397,13699,6646,2626,1114,703,420,107,43,28,8,3,0
Burgos,2009,25567,13612,6761,2609,1112,801,465,113,53,30,7,4,0
Burgos,2008,25891,13406,7090,2670,1194,832,474,121,54,38,7,5,0
Burgos,2007,25372,13013,7044,2667,1184,811,439,117,52,34,6,5,0
Burgos,2006,24504,12608,6825,2534,1137,782,414,105,55,35,6,3,0
Burgos,2005,23733,12294,6615,2407,1108,721,380,116,51,33,5,3,0
Burgos,2004,22882,11843,6321,2389,1093,702,348,97,52,29,5,3,0
Burgos,2003,22159,11703,5985,2259,1004,674,350,93,50,33,5,3,0
Burgos,2002,21586,11584,5657,2152,1005,637,367,103,50,26,4,1,0
Burgos,2001,21315,11643,5528,2071,934,629,336,88,53,28,4,1,0
Burgos,2000,21493,12080,5427,2029,818,633,351,86,45,22,1,1,0
Burgos,1999,20882,11901,5249,1906,801,557,328,76,38,24,1,1,0
Cáceres,2012,25238,14263,6962,2187,924,550,248,68,27,7,1,1,0
Cáceres,2011,25677,14427,6833,2430,1024,592,266,66,29,7,1,2,0
Cáceres,2010,25834,14257,7057,2467,1037,586,309,74,35,8,3,1,0
Cáceres,2009,26307,14558,7093,2487,1075,638,340,73,31,9,2,1,0
Cáceres,2008,26494,14340,7233,2634,1094,701,357,80,38,15,1,1,0
Cáceres,2007,26064,14381,7012,2485,1062,657,348,76,27,11,4,1,0
Cáceres,2006,25039,13926,6745,2303,1008,625,327,64,27,9,4,1,0
Cáceres,2005,24846,14045,6530,2272,989,591,313,66,26,9,4,1,0
Cáceres,2004,20596,10436,6080,2210,936,562,284,47,26,10,4,1,0
Cáceres,2003,23440,12976,6388,2181,955,578,275,48,20,13,4,2,0
Cáceres,2002,23375,13325,6020,2208,947,535,251,53,23,12,0,1,0
Cáceres,2001,14449,7277,3926,1701,768,457,238,47,22,12,0,1,0
Cáceres,2000,14335,7328,3856,1656,697,474,252,37,20,14,0,1,0
Cáceres,1999,14793,6977,4682,1702,661,488,212,42,14,13,1,1,0
Cádiz,2012,59027,30453,17413,6070,2673,1375,732,194,84,25,4,4,0
Cádiz,2011,60184,31181,17003,6581,2761,1548,764,216,93,28,6,3,0
Cádiz,2010,61056,31074,17751,6525,2883,1580,853,240,105,36,5,4,0
Cádiz,2009,62817,31278,18270,6841,3079,1924,981,276,126,34,3,5,0
Cádiz,2008,64505,31362,18703,7169,3386,2181,1167,308,152,60,12,5,0
Cádiz,2007,63338,31217,18005,7070,3257,2098,1169,310,142,55,9,6,0
Cádiz,2006,61691,31419,16840,6606,3185,2016,1144,289,128,49,11,4,0
Cádiz,2005,58986,30375,16082,6195,2956,1849,1064,280,120,53,7,5,0
Cádiz,2004,57138,29621,15509,6103,2727,1793,976,241,109,47,7,5,0
Cádiz,2003,54462,28754,14649,5543,2563,1636,920,242,99,51,0,5,0
Cádiz,2002,52320,28059,13806,5271,2366,1559,873,237,104,41,1,3,0
Cádiz,2001,50075,27063,13265,4950,2206,1452,783,221,88,43,2,2,0
Cádiz,2000,45886,24814,12342,4404,1847,1359,790,195,95,36,1,3,0
Cádiz,1999,46205,25639,12301,4350,1704,1228,690,170,85,33,3,2,0
Cantabria,2012,38137,19789,11405,3698,1534,933,524,141,67,35,7,2,2
Cantabria,2011,38867,20040,11287,4060,1643,1029,536,155,71,34,7,3,2
Cantabria,2010,39024,19782,11524,4063,1771,1027,582,156,71,35,7,4,2
Cantabria,2009,39611,19761,11771,4179,1815,1148,645,162,80,36,7,5,2
Cantabria,2008,40393,19640,12264,4352,1876,1231,719,179,78,41,7,4,2
Cantabria,2007,39560,19366,11896,4163,1893,1241,694,185,74,35,8,4,1
Cantabria,2006,37690,18503,11239,3978,1846,1172,661,178,66,35,6,5,1
Cantabria,2005,36561,17957,10965,3830,1732,1150,649,169,66,32,5,5,1
Cantabria,2004,35649,17678,10524,3697,1694,1154,626,161,67,37,5,5,1
Cantabria,2003,34017,17380,9656,3492,1630,993,597,168,57,34,5,4,1
Cantabria,2002,33017,17216,9079,3357,1566,974,559,173,59,25,7,1,1
Cantabria,2001,32288,17108,8778,3196,1481,938,541,156,54,28,6,1,1
Cantabria,2000,32449,17868,8517,3058,1310,930,539,141,49,26,7,3,1
Cantabria,1999,31447,17484,8314,2838,1258,850,507,123,41,24,7,0,1
Castellón,2012,39748,20429,12092,3867,1547,934,537,177,88,56,15,6,0
Castellón,2011,40373,20619,11771,4361,1679,1013,576,182,98,53,15,6,0
Castellón,2010,40797,20033,12418,4408,1838,1098,614,206,104,58,16,4,0
Castellón,2009,42122,20090,12732,4688,2071,1340,740,248,117,74,18,4,0
Castellón,2008,43855,20248,13421,4957,2233,1613,840,291,149,76,20,7,0
Castellón,2007,42476,19404,13077,4830,2202,1585,871,258,149,74,19,7,0
Castellón,2006,39749,18051,12133,4637,2114,1492,824,257,146,69,18,8,0
Castellón,2005,37865,17495,11571,4294,1888,1364,780,232,141,78,17,5,0
Castellón,2004,37214,17316,11210,4276,1869,1349,727,240,137,68,18,4,0
Castellón,2003,34213,15940,10203,3840,1816,1254,693,257,130,63,15,2,0
Castellón,2002,32766,15598,9468,3676,1672,1200,695,263,123,56,13,2,0
Castellón,2001,31825,15257,9180,3508,1646,1104,685,257,116,57,13,2,0
Castellón,2000,31721,16084,8691,3322,1402,1112,711,229,104,54,11,1,0
Castellón,1999,30636,15511,8533,3202,1313,1041,652,221,101,52,9,1,0
Ceuta,2012,3622,1860,1074,368,159,92,48,11,8,1,1,0,0
Ceuta,2011,3642,1978,964,371,167,93,48,13,5,2,1,0,0
Ceuta,2010,3615,1976,940,359,167,102,49,14,5,2,1,0,0
Ceuta,2009,3689,1959,1005,385,163,100,56,14,4,2,1,0,0
Ceuta,2008,3724,1944,1100,348,157,97,57,11,7,2,1,0,0
Ceuta,2007,3752,1984,1071,374,137,101,65,11,8,0,1,0,0
Ceuta,2006,3700,2011,1035,326,152,95,63,12,5,0,1,0,0
Ceuta,2005,3735,2042,1082,304,140,83,58,16,6,3,1,0,0
Ceuta,2004,3667,1958,1067,332,131,95,60,14,6,3,1,0,0
Ceuta,2003,3547,1960,986,314,130,81,59,8,6,3,0,0,0
Ceuta,2002,3465,1911,957,310,130,81,59,9,6,2,0,0,0
Ceuta,2001,3439,1891,962,304,136,84,46,9,7,0,0,0,0
Ceuta,2000,3414,1906,973,272,116,87,48,6,5,1,0,0,0
Ceuta,1999,3325,1887,916,274,109,80,47,8,3,1,0,0,0
Ciudad Real,2012,30600,15983,9066,2990,1253,783,380,91,39,12,2,1,0
Ciudad Real,2011,31129,16098,8891,3295,1369,877,446,93,45,10,3,2,0
Ciudad Real,2010,31627,16043,9243,3335,1437,924,485,102,42,11,3,2,0
Ciudad Real,2009,32046,16173,9103,3421,1566,1060,538,117,54,9,4,1,0
Ciudad Real,2008,33011,16223,9504,3590,1627,1210,633,145,55,21,0,3,0
Ciudad Real,2007,31881,15805,9047,3479,1562,1152,629,136,49,18,1,3,0
Ciudad Real,2006,30446,15417,8405,3235,1528,1097,573,129,44,15,0,3,0
Ciudad Real,2005,29521,15154,8214,3031,1376,1033,543,114,40,14,0,2,0
Ciudad Real,2004,29011,15126,7981,2912,1361,970,497,105,42,14,1,2,0
Ciudad Real,2003,26778,14021,7276,2661,1303,899,464,107,38,7,0,2,0
Ciudad Real,2002,25587,13608,6790,2523,1223,874,437,89,36,6,0,1,0
Ciudad Real,2001,25435,13851,6646,2406,1169,831,407,88,30,6,0,1,0
Ciudad Real,2000,24577,13697,6309,2263,988,784,417,85,23,10,0,1,0
Ciudad Real,1999,25114,14314,6401,2228,942,720,389,91,20,8,1,0,0
Córdoba,2012,46601,24823,13623,4332,1857,1153,580,138,53,34,4,4,0
Córdoba,2011,47465,25328,13101,4905,2004,1253,627,159,52,29,4,3,0
Córdoba,2010,48249,25105,13736,5071,2047,1329,694,159,74,26,5,3,0
Córdoba,2009,48979,24984,13945,5153,2324,1518,761,177,80,27,6,4,0
Córdoba,2008,50057,24747,14405,5462,2473,1742,879,212,77,46,6,8,0
Córdoba,2007,49302,24748,13892,5260,2460,1717,909,196,69,39,8,4,0
Córdoba,2006,47155,23896,13130,5062,2275,1646,839,199,68,30,8,2,0
Córdoba,2005,45405,23313,12613,4710,2134,1545,813,168,73,29,5,2,0
Córdoba,2004,43394,22644,11820,4445,2025,1467,733,161,70,23,3,3,0
Córdoba,2003,41964,22152,11324,4282,1927,1343,687,162,58,24,3,2,0
Córdoba,2002,40481,21526,10866,4008,1905,1304,633,166,43,26,3,1,0
Córdoba,2001,39376,21567,10246,3797,1760,1175,622,145,35,25,3,1,0
Córdoba,2000,40356,23015,10219,3507,1565,1222,613,152,39,20,3,1,0
Córdoba,1999,32852,17526,8916,3201,1440,1041,541,126,37,21,2,1,0
A Coruña,2012,80408,44154,22359,7332,3224,1813,981,290,134,80,17,20,4
A Coruña,2011,81321,44841,21517,7993,3346,1960,1091,321,146,77,10,16,3
A Coruña,2010,82729,44228,23296,8052,3377,2022,1160,334,148,83,11,15,3
A Coruña,2009,83748,44007,23866,8182,3525,2257,1278,355,158,85,16,16,3
A Coruña,2008,84220,43314,24630,8273,3666,2341,1346,358,162,92,16,19,3
A Coruña,2007,82873,42861,24025,8160,3632,2298,1286,338,156,78,18,20,1
A Coruña,2006,79170,40666,23064,7937,3380,2288,1250,323,155,73,15,18,1
A Coruña,2005,77023,39898,22185,7643,3300,2215,1237,297,142,71,16,18,1
A Coruña,2004,74809,38746,21431,7550,3197,2202,1180,281,128,60,16,17,1
A Coruña,2003,71748,37609,20205,7152,3042,2097,1137,284,120,70,15,16,1
A Coruña,2002,66276,34388,18542,6728,2976,2031,1134,258,135,55,16,11,2
A Coruña,2001,70021,38084,18807,6606,2966,1982,1116,252,129,58,15,5,1
A Coruña,2000,69381,38822,18104,6299,2662,1939,1120,249,110,54,17,5,0
A Coruña,1999,63167,34778,16932,5795,2484,1803,1014,210,85,49,12,5,0
Cuenca,2012,13702,7310,4023,1354,527,293,142,37,11,2,1,2,0
Cuenca,2011,14001,7510,3816,1576,561,330,154,38,11,2,1,2,0
Cuenca,2010,14236,7408,4128,1550,567,372,161,29,17,2,1,1,0
Cuenca,2009,14747,7764,4091,1616,631,394,196,34,15,4,1,1,0
Cuenca,2008,14928,7416,4461,1689,678,406,214,41,15,6,1,1,0
Cuenca,2007,14741,7464,4393,1628,601,404,197,37,10,6,0,1,0
Cuenca,2006,13822,7032,4086,1501,597,363,193,31,13,5,0,1,0
Cuenca,2005,13336,7015,3918,1345,527,332,152,27,13,6,0,1,0
Cuenca,2004,12829,6791,3701,1323,539,306,127,25,10,6,0,1,0
Cuenca,2003,12546,6799,3576,1209,525,276,121,24,8,7,0,1,0
Cuenca,2002,12217,6840,3343,1115,482,274,124,20,12,6,0,1,0
Cuenca,2001,12043,6873,3204,1100,458,259,116,19,9,3,1,1,0
Cuenca,2000,12019,7058,3113,1050,379,269,117,17,10,4,1,1,0
Cuenca,1999,11687,6943,2986,1008,383,229,107,17,8,4,1,1,0
Guipúzcoa,2012,55574,29745,15389,4887,2442,1676,918,294,140,63,12,8,0
Guipúzcoa,2011,58456,32174,15771,4904,2422,1687,976,308,131,64,10,9,0
Guipúzcoa,2010,60580,33240,16493,5109,2480,1739,999,300,139,59,12,10,0
Guipúzcoa,2009,62034,33709,17069,5095,2567,1897,1160,314,136,66,13,8,0
Guipúzcoa,2008,63569,34709,17513,5118,2587,1911,1150,344,132,77,19,9,0
Guipúzcoa,2007,59546,31338,17147,5070,2431,1877,1118,329,134,74,20,8,0
Guipúzcoa,2006,58486,30716,16994,4957,2364,1821,1065,331,138,74,18,8,0
Guipúzcoa,2005,57193,29410,17210,4824,2353,1799,1047,320,136,73,13,8,0
Guipúzcoa,2004,56498,29206,16700,4840,2454,1754,1023,305,123,72,14,7,0
Guipúzcoa,2003,55983,29807,15827,4760,2317,1773,987,302,116,74,15,5,0
Guipúzcoa,2002,55202,30452,14848,4566,2203,1712,932,286,113,72,14,4,0
Guipúzcoa,2001,55180,29030,16338,4605,2203,1631,890,293,106,68,11,5,0
Guipúzcoa,2000,53833,28619,15815,4414,1905,1660,931,306,104,62,12,5,0
Guipúzcoa,1999,52502,28473,15204,4213,1766,1518,874,271,94,70,14,5,0
Girona,2012,57971,29671,17031,5833,2702,1558,822,215,83,45,7,4,0
Girona,2011,58052,30681,15669,6066,2714,1675,880,215,95,44,8,5,0
Girona,2010,58240,30725,15511,6129,2782,1754,960,218,106,42,8,5,0
Girona,2009,58404,30208,15426,6309,2965,2010,1095,223,116,40,7,5,0
Girona,2008,51467,22457,15554,6478,3171,2180,1196,242,128,50,5,6,0
Girona,2007,50108,21792,15160,6245,3144,2216,1135,244,118,42,5,6,1
Girona,2006,47169,19854,14426,6066,3185,2114,1119,238,112,40,7,8,0
Girona,2005,46827,19389,15042,5973,2959,2018,1044,231,121,36,7,7,0
Girona,2004,45145,18078,14841,5940,2961,1965,993,208,113,33,7,6,0
Girona,2003,52482,25113,15395,5863,2879,1903,963,204,118,32,8,4,0
Girona,2002,50226,24084,14594,5652,2829,1734,958,230,98,37,3,7,0
Girona,2001,48435,23471,13940,5354,2732,1676,886,231,97,41,4,3,0
Girona,2000,47973,23807,13630,5192,2333,1754,918,224,79,29,4,3,0
Girona,1999,46556,22983,13547,5022,2173,1658,873,193,71,26,8,2,0
Granada,2012,56243,31241,16083,5038,2026,1076,527,149,64,31,6,2,0
Granada,2011,57636,32201,15697,5553,2145,1163,614,149,70,32,9,3,0
Granada,2010,58319,31711,16538,5591,2314,1241,631,177,73,30,10,3,0
Granada,2009,60016,31922,17068,5971,2545,1472,718,195,82,30,10,3,0
Granada,2008,62269,32609,17596,6340,2741,1729,868,230,96,41,16,3,0
Granada,2007,61055,32409,16956,6101,2650,1688,882,217,96,43,9,4,0
Granada,2006,57223,30568,15711,5633,2492,1651,818,203,97,39,8,3,0
Granada,2005,54341,29793,14636,5078,2275,1448,781,192,88,40,7,3,0
Granada,2004,50508,27342,13843,4811,2159,1343,714,166,77,44,5,4,0
Granada,2003,49662,27978,12963,4487,2011,1290,669,157,69,29,5,4,0
Granada,2002,48121,27871,12210,4131,1828,1219,617,143,63,33,3,2,1
Granada,2001,45615,26965,11379,3728,1666,1086,573,126,63,24,3,1,1
Granada,2000,45111,27593,10745,3581,1385,1059,558,110,55,20,3,1,1
Granada,1999,43383,26841,10358,3293,1286,953,484,105,42,18,2,1,0
Guadalajara,2012,13213,7511,3550,1174,489,276,127,49,23,10,3,1,0
Guadalajara,2011,13256,7552,3334,1335,505,305,139,53,22,9,2,0,0
Guadalajara,2010,13494,7406,3658,1316,546,323,156,48,28,11,2,0,0
Guadalajara,2009,13507,7167,3769,1368,566,367,173,53,28,14,2,0,0
Guadalajara,2008,13735,7068,3934,1459,607,384,192,43,29,16,3,0,0
Guadalajara,2007,12874,6504,3728,1437,579,357,182,50,19,15,3,0,0
Guadalajara,2006,11825,6065,3302,1299,595,307,178,43,19,16,1,0,0
Guadalajara,2005,10438,5248,3046,1138,504,269,160,38,21,13,1,0,0
Guadalajara,2004,10120,5155,2965,1061,476,255,146,32,18,11,1,0,0
Guadalajara,2003,9422,4938,2672,967,411,244,133,28,17,10,1,1,0
Guadalajara,2002,9030,4855,2492,901,381,212,131,33,14,9,1,1,0
Guadalajara,2001,8717,4774,2353,868,350,209,116,28,9,8,1,1,0
Guadalajara,2000,8793,4960,2336,837,281,214,120,28,9,6,1,1,0
Guadalajara,1999,8518,4857,2234,801,285,181,120,24,8,6,1,1,0
Huelva,2012,25008,13144,7381,2552,976,556,269,78,29,19,3,1,0
Huelva,2011,25812,13510,7299,2777,1111,657,322,81,28,22,4,1,0
Huelva,2010,26277,13423,7628,2860,1179,690,341,97,33,22,3,1,0
Huelva,2009,26783,13389,7803,2921,1289,801,408,110,40,19,2,1,0
Huelva,2008,27463,13399,7940,3109,1371,935,519,107,51,28,4,0,0
Huelva,2007,27063,13487,7720,2971,1340,905,458,94,55,30,3,0,0
Huelva,2006,25487,12795,7167,2805,1294,808,447,94,47,27,3,0,0
Huelva,2005,24777,12769,6855,2633,1178,760,416,96,36,31,3,0,0
Huelva,2004,24270,12811,6582,2492,1131,734,368,92,36,21,3,0,0
Huelva,2003,22547,11943,6108,2300,984,704,351,103,31,21,2,0,0
Huelva,2002,21709,11760,5656,2223,939,649,344,85,35,16,2,0,0
Huelva,2001,21068,11695,5311,2036,943,611,343,80,25,22,2,0,0
Huelva,2000,20872,12009,5091,1927,811,582,341,63,32,14,2,0,0
Huelva,1999,20265,11901,4842,1815,758,543,307,60,23,13,3,0,0
Huesca,2012,16151,8228,4785,1689,681,475,213,60,14,5,1,0,0
Huesca,2011,16380,8261,4661,1893,754,489,241,60,14,6,1,0,0
Huesca,2010,16550,8185,4825,1908,781,509,256,64,12,9,1,0,0
Huesca,2009,16837,8452,4709,1913,855,544,271,68,15,9,1,0,0
Huesca,2008,17109,8266,5055,1898,901,577,313,66,21,11,1,0,0
Huesca,2007,16694,8086,4956,1846,852,569,294,52,21,15,3,0,0
Huesca,2006,16025,7705,4761,1813,817,572,273,50,26,5,1,2,0
Huesca,2005,15390,7421,4674,1689,747,530,253,41,24,8,2,1,0
Huesca,2004,15078,7353,4546,1634,724,504,238,45,22,8,3,1,0
Huesca,2003,14283,7050,4251,1553,686,467,210,34,21,7,3,1,0
Huesca,2002,13889,6945,4076,1476,685,443,199,41,15,7,2,0,0
Huesca,2001,13575,6884,3990,1394,635,425,181,44,14,7,1,0,0
Huesca,2000,13665,7202,3813,1381,592,432,186,40,11,7,1,0,0
Huesca,1999,13374,7084,3787,1310,582,377,187,26,13,7,1,0,0
Jaén,2012,34000,17559,10210,3495,1388,843,380,72,33,12,4,4,0
Jaén,2011,34945,18129,10112,3772,1481,892,428,82,26,16,3,4,0
Jaén,2010,35758,18388,10587,3777,1487,924,444,96,35,14,2,4,0
Jaén,2009,36557,18514,10709,4052,1581,1058,483,98,46,9,2,5,0
Jaén,2008,37368,18450,11025,4127,1769,1183,603,123,59,21,3,5,0
Jaén,2007,36962,18571,10636,4057,1769,1141,587,122,48,23,4,4,0
Jaén,2006,35383,17820,10143,3849,1705,1124,559,117,44,14,5,3,0
Jaén,2005,34675,17776,9858,3634,1644,1045,542,110,40,19,4,3,0
Jaén,2004,33157,17280,9211,3411,1570,1003,530,90,40,16,4,2,0
Jaén,2003,32444,17193,8850,3195,1521,1038,514,89,24,14,4,2,0
Jaén,2002,31576,16995,8455,3087,1477,975,464,78,25,16,2,2,0
Jaén,2001,31024,16945,8175,2929,1406,962,479,80,27,18,2,1,0
Jaén,2000,30829,17344,7931,2707,1286,965,481,72,28,11,3,1,0
Jaén,1999,30077,17143,7614,2635,1228,919,431,74,22,9,2,0,0
León,2012,32386,17638,9428,2904,1247,671,347,94,37,14,3,3,0
León,2011,32669,17532,9237,3312,1324,718,394,87,42,15,4,3,1
León,2010,33126,17408,9664,3340,1385,775,409,84,35,18,4,4,0
León,2009,33564,17372,9809,3433,1404,902,474,104,42,17,3,4,0
León,2008,34012,17253,10099,3498,1494,986,508,101,47,17,5,4,0
León,2007,33563,17170,9949,3442,1409,938,497,91,44,15,5,3,0
León,2006,32359,16620,9556,3316,1348,896,476,94,34,11,5,3,0
León,2005,31664,16395,9282,3255,1326,813,449,88,37,13,2,4,0
León,2004,30992,15996,9218,3157,1259,806,427,81,31,12,2,3,0
León,2003,30256,15987,8741,2939,1272,775,407,84,32,13,3,3,0
León,2002,29611,15852,8396,2834,1221,763,403,97,29,10,3,3,0
León,2001,29381,16237,7994,2723,1185,726,382,96,24,9,2,3,0
León,2000,29297,16604,7784,2584,1051,733,411,89,28,8,2,3,0
León,1999,28736,16498,7577,2484,986,692,386,78,24,7,1,3,0
Lleida,2012,34821,18698,9797,3337,1465,860,468,117,51,19,6,3,0
Lleida,2011,35730,19249,9500,3742,1605,929,502,125,50,22,4,2,0
Lleida,2010,36598,19327,10082,3761,1702,996,530,124,49,21,4,2,0
Lleida,2009,36920,19002,10345,3924,1721,1127,588,133,49,26,3,2,0
Lleida,2008,37638,18549,11015,4106,1852,1234,655,136,57,28,5,1,0
Lleida,2007,36065,17484,10680,4037,1798,1230,628,134,45,25,3,1,0
Lleida,2006,33956,16211,10192,3815,1798,1146,600,123,41,26,3,1,0
Lleida,2005,32739,15951,9664,3640,1639,1086,576,114,40,25,3,1,0
Lleida,2004,31515,15358,9336,3520,1563,1023,547,108,37,19,3,1,0
Lleida,2003,29605,14334,8829,3261,1519,963,508,114,49,24,3,1,0
Lleida,2002,28766,14180,8395,3105,1464,923,512,114,51,18,2,2,0
Lleida,2001,28141,14172,8062,2956,1391,900,471,123,43,19,2,2,0
Lleida,2000,28348,14874,7927,2750,1244,903,490,105,37,15,1,2,0
Lleida,1999,27502,14487,7681,2710,1147,860,468,103,33,9,2,2,0
Lugo,2012,24288,12517,7442,2501,1013,480,242,63,20,5,3,2,0
Lugo,2011,24499,12466,7405,2689,1054,532,261,64,15,9,2,2,0
Lugo,2010,24714,12389,7600,2721,1062,548,296,63,21,8,4,2,0
Lugo,2009,24861,12315,7595,2805,1096,622,322,70,24,6,4,2,0
Lugo,2008,25035,12166,7828,2841,1100,667,325,67,30,5,5,1,0
Lugo,2007,24609,11928,7856,2721,1079,615,306,59,30,8,6,1,0
Lugo,2006,23780,11491,7631,2681,1013,572,309,49,22,7,4,1,0
Lugo,2005,23122,11234,7541,2455,965,552,297,44,23,7,3,1,0
Lugo,2004,22479,10914,7384,2357,962,522,261,42,24,7,5,1,0
Lugo,2003,22396,11159,7178,2290,923,528,251,37,20,8,1,1,0
Lugo,2002,21942,11094,6842,2285,890,514,252,39,19,6,1,0,0
Lugo,2001,21865,11293,6712,2219,861,498,222,38,18,3,1,0,0
Lugo,2000,21825,11733,6385,2148,796,489,218,34,18,3,0,1,0
Lugo,1999,21267,11666,6146,2008,725,463,209,30,15,4,1,0,0
Madrid,2012,499098,296990,118140,38727,19646,12749,7228,2537,1497,910,332,278,64
Madrid,2011,501669,298278,114809,41605,20328,13429,7523,2608,1510,909,335,270,65
Madrid,2010,503501,292227,121535,41946,20619,13598,7757,2638,1580,935,344,264,58
Madrid,2009,511804,290471,126418,43618,21297,15237,8561,2819,1682,1006,358,270,67
Madrid,2008,519307,288185,132585,45036,21824,15897,9145,2919,1780,1176,397,296,67
Madrid,2007,503000,274674,130323,45029,21758,15749,9056,2861,1737,1105,378,269,61
Madrid,2006,478202,259839,122420,44025,21573,15554,8780,2709,1598,1040,339,268,57
Madrid,2005,456175,251374,115503,40772,20048,14395,8359,2615,1498,994,324,239,54
Madrid,2004,436074,238067,110061,40003,20124,14388,7983,2469,1472,920,310,226,51
Madrid,2003,407655,224562,98910,37921,19197,13710,7941,2492,1420,929,301,224,48
Madrid,2002,384638,212149,92028,35813,18495,13035,7803,2552,1395,829,309,190,40
Madrid,2001,377785,211594,88796,34447,17855,12560,7499,2407,1321,810,279,174,43
Madrid,2000,365083,208296,84359,32743,15068,12113,7827,2299,1178,732,253,175,40
Madrid,1999,357833,205023,83767,31841,14162,11561,7168,2116,1063,688,237,168,39
Málaga,2012,107385,58645,30741,9927,4396,2155,1058,247,144,56,9,6,1
Málaga,2011,109614,60257,30260,10505,4576,2378,1132,273,163,55,10,4,1
Málaga,2010,110291,58956,31525,10855,4660,2539,1188,334,161,59,9,4,1
Málaga,2009,113362,59668,32224,11331,5136,2921,1454,382,177,55,8,5,1
Málaga,2008,116683,59299,33737,12029,5664,3402,1785,446,182,115,16,7,1
Málaga,2007,114547,58109,32960,11911,5640,3375,1756,467,207,102,13,6,1
Málaga,2006,108713,54675,31117,11565,5609,3240,1763,419,216,85,15,8,1
Málaga,2005,102382,51529,29454,10764,5143,3107,1655,415,218,79,10,8,0
Málaga,2004,96587,48101,27829,10475,4960,3018,1548,374,184,80,11,6,1
Málaga,2003,88257,44685,25056,9160,4568,2684,1507,337,160,84,8,8,0
Málaga,2002,82629,42572,23056,8400,4099,2571,1369,323,149,75,9,6,0
Málaga,2001,78544,41269,21572,7801,3706,2427,1254,298,142,58,10,7,0
Málaga,2000,76081,41079,20810,7151,3015,2291,1267,270,129,52,11,5,1
Málaga,1999,71766,39300,19741,6616,2636,2012,1058,229,112,49,9,4,0
Melilla,2012,3770,2036,1011,384,203,84,38,11,1,0,2,0,0
Melilla,2011,3697,2044,941,374,189,95,43,9,1,0,1,0,0
Melilla,2010,3655,2007,952,381,166,97,37,11,3,0,1,0,0
Melilla,2009,3699,1926,1095,357,164,101,43,10,1,1,1,0,0
Melilla,2008,3709,1902,1107,369,176,90,46,14,3,1,1,0,0
Melilla,2007,3693,1887,1101,368,175,95,50,12,3,1,1,0,0
Melilla,2006,3657,1899,1065,383,155,92,45,12,4,1,1,0,0
Melilla,2005,3713,2012,1029,366,155,88,48,11,2,1,1,0,0
Melilla,2004,3671,1982,1048,356,142,79,53,6,3,1,1,0,0
Melilla,2003,3460,1919,919,348,139,79,36,16,2,2,0,0,0
Melilla,2002,3409,1879,926,330,151,73,33,13,2,2,0,0,0
Melilla,2001,3450,1914,925,332,163,72,32,8,3,1,0,0,0
Melilla,2000,3412,1928,901,313,139,87,30,10,3,1,0,0,0
Melilla,1999,3334,1907,870,305,134,75,31,8,3,1,0,0,0
Murcia,2012,88606,46357,25145,8955,3998,2255,1259,356,172,80,21,8,0
Murcia,2011,90856,47130,24905,10023,4256,2513,1372,374,171,81,21,10,0
Murcia,2010,92196,46273,26357,10196,4416,2770,1490,377,203,84,21,9,0
Murcia,2009,95636,46473,27309,11025,4881,3353,1809,453,202,94,26,11,0
Murcia,2008,100075,46801,28950,11914,5463,3914,2136,499,216,139,30,13,0
Murcia,2007,97374,45489,27786,11769,5434,3897,2124,503,200,126,30,16,0
Murcia,2006,90698,42127,25690,11015,5338,3693,2012,482,186,113,26,16,0
Murcia,2005,85110,40020,24219,10062,4747,3451,1845,448,171,109,24,14,0
Murcia,2004,82484,39295,23342,9564,4666,3229,1718,388,159,86,24,13,0
Murcia,2003,75973,36148,21394,8862,4332,3004,1592,393,144,83,16,5,0
Murcia,2002,72547,35301,20235,8211,3924,2747,1523,360,146,83,11,5,1
Murcia,2001,69865,34807,19187,7641,3695,2582,1372,335,143,85,14,4,0
Murcia,2000,68131,35097,18186,7224,3171,2544,1369,319,133,72,13,3,0
Murcia,1999,65523,34159,17532,6727,3035,2328,1256,296,108,60,16,6,0
Navarra,2012,41305,22482,10463,3800,1950,1331,788,238,149,78,15,11,0
Navarra,2011,41541,22899,9908,4038,1991,1376,825,257,157,64,17,9,0
Navarra,2010,42347,22770,10658,4143,2027,1369,865,258,164,68,17,7,1
Navarra,2009,43282,22806,11156,4122,2069,1585,982,298,156,78,20,10,0
Navarra,2008,43847,23086,11260,4184,2110,1605,1000,311,166,88,22,15,0
Navarra,2007,43142,22777,11046,4152,2073,1576,949,294,164,83,18,9,1
Navarra,2006,41083,21289,10783,3981,2045,1509,938,282,149,80,19,8,0
Navarra,2005,40730,21978,10031,3847,1965,1478,913,255,146,89,17,11,0
Navarra,2004,39679,21982,9230,3767,1924,1431,841,252,139,84,19,10,0
Navarra,2003,38936,21663,8997,3713,1811,1407,836,245,135,90,23,15,1
Navarra,2002,37333,19891,8938,3915,1912,1303,838,244,142,111,23,16,0
Navarra,2001,36606,20066,8585,3690,1758,1265,753,235,132,86,24,11,1
Navarra,2000,32818,18704,7090,3158,1420,1191,797,225,123,81,18,9,2
Navarra,1999,38294,22661,8267,3277,1554,1254,838,217,124,79,16,6,1
Ourense,2012,22845,12153,6995,2062,842,462,232,62,21,11,1,4,0
Ourense,2011,22987,12146,6922,2251,827,482,261,59,24,9,2,4,0
Ourense,2010,23100,12140,6925,2299,896,477,259,63,21,13,3,4,0
Ourense,2009,23304,12098,6995,2386,894,543,282,59,27,14,2,4,0
Ourense,2008,23711,12103,7284,2418,916,576,290,77,23,16,3,5,0
Ourense,2007,23520,12027,7265,2355,906,568,280,76,22,15,3,3,0
Ourense,2006,22843,11646,7054,2291,920,546,270,72,25,12,3,4,0
Ourense,2005,22452,11498,6872,2278,899,512,284,68,25,9,4,3,0
Ourense,2004,22118,11432,6707,2224,863,532,257,63,23,10,5,2,0
Ourense,2003,21560,11356,6368,2096,870,523,246,63,21,10,6,1,0
Ourense,2002,21215,11377,6141,1967,881,507,242,63,22,9,5,1,0
Ourense,2001,21136,11528,6001,1934,844,502,229,64,17,11,5,1,0
Ourense,2000,20959,11788,5654,1921,752,497,254,60,16,12,4,1,0
Ourense,1999,20598,11768,5509,1811,709,492,213,66,14,10,5,1,0
Palencia,2012,10640,5787,3095,986,374,210,133,34,9,9,2,1,0
Palencia,2011,10760,5794,3042,1102,395,225,153,25,12,10,1,1,0
Palencia,2010,10825,5734,3151,1109,397,227,150,31,12,11,2,1,0
Palencia,2009,10964,5755,3210,1088,438,260,155,32,15,9,1,1,0
Palencia,2008,11111,5767,3249,1135,454,278,163,37,15,11,1,1,0
Palencia,2007,11060,5750,3270,1125,423,279,153,31,17,10,1,1,0
Palencia,2006,10694,5571,3197,1055,396,267,147,32,17,10,1,1,0
Palencia,2005,10575,5595,3105,1015,392,272,139,32,16,7,1,1,0
Palencia,2004,10399,5551,3030,979,402,264,124,27,13,7,1,1,0
Palencia,2003,10297,5704,2869,908,395,248,132,21,12,6,1,1,0
Palencia,2002,10024,5653,2705,893,356,244,128,24,12,7,2,0,0
Palencia,2001,10041,5768,2663,850,359,247,104,30,12,7,1,0,0
Palencia,2000,10110,6024,2553,799,342,243,114,21,7,6,1,0,0
Palencia,1999,10023,6071,2493,777,308,222,114,23,7,8,0,0,0
Las Palmas,2012,68104,37646,17836,6344,3132,1719,897,283,158,69,16,4,0
Las Palmas,2011,68788,38492,17298,6580,3168,1784,943,255,176,72,14,6,0
Las Palmas,2010,70889,38217,19211,6816,3278,1820,980,292,180,73,15,7,0
Las Palmas,2009,72891,38166,19985,7213,3586,2088,1235,311,206,78,18,5,0
Las Palmas,2008,75236,38033,21229,7705,3888,2253,1411,359,215,116,21,6,0
Las Palmas,2007,73691,37092,20655,7636,3812,2345,1444,360,208,109,24,6,0
Las Palmas,2006,69173,34069,19609,7348,3851,2242,1380,356,192,99,22,5,0
Las Palmas,2005,67043,33062,19165,7024,3622,2207,1307,327,202,95,24,8,0
Las Palmas,2004,63003,30177,18337,6941,3520,2121,1288,316,183,91,24,5,0
Las Palmas,2003,61470,30203,17174,6736,3448,2071,1172,343,199,101,19,4,0
Las Palmas,2002,59175,29307,16256,6398,3383,2055,1144,336,193,81,16,6,0
Las Palmas,2001,56811,28276,15283,6240,3359,1886,1155,332,185,77,13,5,0
Las Palmas,2000,54857,27980,14580,5821,2670,2033,1208,309,174,68,9,5,0
Las Palmas,1999,52186,26775,13801,5586,2490,1912,1096,283,165,66,10,2,0
Pontevedra,2012,66970,33602,20635,6814,2872,1703,910,264,97,57,7,7,2
Pontevedra,2011,67728,33690,20186,7439,3116,1840,1007,275,97,62,6,8,2
Pontevedra,2010,68331,33231,20958,7420,3287,1890,1073,281,110,64,7,8,2
Pontevedra,2009,69350,32654,21436,7930,3467,2116,1236,306,122,65,9,7,2
Pontevedra,2008,70408,32543,22162,7980,3531,2302,1356,319,125,70,10,8,2
Pontevedra,2007,69018,32031,21637,7880,3428,2247,1289,294,132,59,11,9,1
Pontevedra,2006,65849,30308,20778,7505,3352,2181,1246,289,109,63,9,8,1
Pontevedra,2005,63125,29071,19863,7178,3235,2118,1207,260,112,61,10,9,1
Pontevedra,2004,61571,28339,19279,7179,3154,2063,1113,257,112,55,10,9,1
Pontevedra,2003,58373,27598,17891,6467,2944,1951,1088,256,104,54,10,9,1
Pontevedra,2002,56293,27137,16681,6297,2848,1837,1083,247,93,56,7,6,1
Pontevedra,2001,54710,26789,15967,5981,2759,1800,1019,240,90,50,7,7,1
Pontevedra,2000,53907,27245,15330,5735,2454,1735,1043,211,94,45,11,3,1
Pontevedra,1999,52013,26560,14898,5397,2265,1624,921,205,87,43,10,2,1
La Rioja,2012,22486,11818,6234,2178,1049,645,413,100,28,16,4,1,0
La Rioja,2011,22801,12066,5979,2429,1066,648,459,103,29,17,4,1,0
La Rioja,2010,23190,11854,6511,2436,1082,706,444,105,34,12,5,1,0
La Rioja,2009,23525,11913,6513,2523,1107,804,489,126,33,10,6,1,0
La Rioja,2008,23834,11784,6757,2576,1143,845,543,130,38,14,4,0,0
La Rioja,2007,23404,11598,6608,2553,1121,802,539,123,45,13,2,0,0
La Rioja,2006,22393,11011,6336,2480,1099,781,519,116,38,12,1,0,0
La Rioja,2005,21598,10833,6108,2257,1006,734,499,104,45,10,2,0,0
La Rioja,2004,21049,10657,5816,2229,952,768,471,101,42,12,1,0,0
La Rioja,2003,20094,10309,5458,2089,917,713,464,98,32,13,1,0,0
La Rioja,2002,19499,10151,5199,1955,924,671,462,90,33,12,2,0,0
La Rioja,2001,18985,10090,4976,1878,817,655,431,95,31,10,2,0,0
La Rioja,2000,18716,10211,4806,1786,718,624,441,90,29,8,3,0,0
La Rioja,1999,18398,10201,4675,1684,728,580,414,75,32,7,2,0,0
Salamanca,2012,22626,12396,6181,2200,968,542,240,63,23,10,1,2,0
Salamanca,2011,23010,12648,5985,2395,1032,575,270,71,19,11,1,3,0
Salamanca,2010,23376,12497,6423,2390,1066,598,290,73,23,12,1,3,0
Salamanca,2009,23481,12198,6636,2405,1096,670,348,83,26,13,3,3,0
Salamanca,2008,23869,12235,6736,2523,1147,716,383,88,24,12,1,4,0
Salamanca,2007,23594,12219,6610,2474,1097,711,353,86,22,17,1,4,0
Salamanca,2006,22859,11959,6334,2363,1096,650,339,76,25,12,1,4,0
Salamanca,2005,22281,11738,6095,2319,1067,613,337,75,19,12,2,4,0
Salamanca,2004,21417,11167,5976,2216,1042,600,314,72,16,8,2,4,0
Salamanca,2003,21199,11345,5695,2192,990,574,299,76,15,7,2,4,0
Salamanca,2002,20538,11087,5488,2052,938,589,297,60,16,7,1,3,0
Salamanca,2001,21176,11822,5532,2016,902,561,265,53,15,6,1,3,0
Salamanca,2000,21800,12605,5494,1967,794,572,295,49,16,4,1,3,0
Salamanca,1999,20569,11917,5232,1809,746,519,271,52,14,5,1,3,0
Santa Cruz de Tenerife,2012,63211,33913,17501,6197,2882,1497,789,232,129,61,7,3,0
Santa Cruz de Tenerife,2011,63700,34299,17149,6512,2922,1532,836,240,138,62,6,4,0
Santa Cruz de Tenerife,2010,65065,34101,18336,6562,3077,1594,914,261,158,52,7,3,0
Santa Cruz de Tenerife,2009,66490,33806,18860,6943,3309,1923,1103,286,192,52,10,6,0
Santa Cruz de Tenerife,2008,68235,33765,19577,7327,3523,2145,1261,334,191,91,16,5,0
Santa Cruz de Tenerife,2007,66723,32520,19389,7280,3517,2124,1268,323,199,80,19,4,0
Santa Cruz de Tenerife,2006,63637,30699,18509,7141,3416,2053,1229,304,179,87,15,5,0
Santa Cruz de Tenerife,2005,60977,29433,17919,6792,3141,1991,1132,306,162,84,13,4,0
Santa Cruz de Tenerife,2004,57291,26562,17260,6722,3193,1913,1102,276,165,81,12,5,0
Santa Cruz de Tenerife,2003,56401,26990,16478,6410,3086,1860,1042,274,160,88,8,5,0
Santa Cruz de Tenerife,2002,53990,26139,15519,6056,2979,1793,1008,265,140,78,10,3,0
Santa Cruz de Tenerife,2001,51808,25547,14473,5748,2900,1746,933,251,135,66,6,3,0
Santa Cruz de Tenerife,2000,50375,25422,13891,5443,2356,1798,1021,244,128,63,7,2,0
Santa Cruz de Tenerife,1999,47822,24269,13284,5116,2219,1620,906,237,106,56,8,1,0
Segovia,2012,11218,6189,3060,1093,439,249,139,33,9,5,1,1,0
Segovia,2011,11392,6283,2974,1181,506,260,134,39,7,5,2,1,0
Segovia,2010,11597,6203,3218,1197,500,280,149,35,7,5,2,1,0
Segovia,2009,11697,6124,3258,1258,504,338,159,35,13,5,2,1,0
Segovia,2008,11906,6121,3415,1242,547,362,164,35,10,6,2,2,0
Segovia,2007,11629,6014,3350,1205,506,337,159,41,10,4,2,1,0
Segovia,2006,11032,5788,3105,1121,506,314,147,35,9,4,2,1,0
Segovia,2005,10580,5634,2951,1041,449,306,152,30,10,4,1,2,0
Segovia,2004,10371,5625,2784,1010,476,276,157,28,8,5,1,1,0
Segovia,2003,9960,5447,2620,977,450,290,136,24,10,4,1,1,0
Segovia,2002,9698,5447,2464,898,457,256,133,28,10,5,0,0,0
Segovia,2001,9754,5617,2417,881,420,243,136,26,9,5,0,0,0
Segovia,2000,9775,5771,2378,822,371,259,135,23,10,6,0,0,0
Segovia,1999,9572,5756,2295,767,359,229,129,24,8,5,0,0,0
Sevilla,2012,113049,62138,30380,10674,4831,2755,1509,397,230,86,28,20,1
Sevilla,2011,115104,63463,29692,11437,5139,2942,1636,415,252,79,27,20,2
Sevilla,2010,116083,62403,30949,11753,5221,3132,1776,454,261,88,24,21,1
Sevilla,2009,118057,62210,31428,12214,5604,3676,1994,514,271,102,26,15,3
Sevilla,2008,119340,61240,32123,12546,5976,4061,2314,574,292,168,31,13,2
Sevilla,2007,115491,59878,30517,12023,5863,3939,2236,586,274,132,29,13,1
Sevilla,2006,110151,57948,28467,11401,5481,3707,2172,531,270,138,25,11,0
Sevilla,2005,104847,55397,27233,10634,5115,3514,2031,524,231,136,19,13,0
Sevilla,2004,100309,53341,25833,10246,4850,3350,1854,483,208,112,18,14,0
Sevilla,2003,93723,50498,23766,9368,4490,3102,1707,471,195,97,15,13,1
Sevilla,2002,89367,48885,22279,8712,4240,2926,1588,445,185,79,19,9,0
Sevilla,2001,87844,49034,21383,8401,4047,2801,1471,431,171,85,9,11,0
Sevilla,2000,87598,50839,20574,7902,3499,2619,1510,407,152,78,7,10,1
Sevilla,1999,86153,50715,20269,7607,3273,2397,1292,358,145,79,8,10,0
Soria,2012,5907,3024,1752,600,246,174,73,18,12,6,1,1,0
Soria,2011,5865,3079,1575,671,241,182,80,21,10,4,1,1,0
Soria,2010,5885,3096,1551,668,258,190,83,25,9,3,1,1,0
Soria,2009,6041,3063,1740,660,255,187,98,23,9,4,1,1,0
Soria,2008,6087,3047,1797,655,248,200,98,25,10,5,1,1,0
Soria,2007,6008,3049,1755,631,259,176,100,23,8,6,0,1,0
Soria,2006,5900,2981,1716,627,264,175,100,22,10,4,0,1,0
Soria,2005,5825,2939,1720,610,248,177,100,19,6,5,0,1,0
Soria,2004,5701,2869,1678,602,239,180,104,16,8,4,0,1,0
Soria,2003,5595,2941,1556,566,247,161,99,15,6,4,0,0,0
Soria,2002,5500,2945,1498,537,235,166,96,16,5,2,0,0,0
Soria,2001,5402,2985,1404,506,241,152,93,14,5,2,0,0,0
Soria,2000,5421,3066,1397,483,194,163,99,11,6,1,1,0,0
Soria,1999,5344,3055,1375,461,184,160,88,10,7,2,2,0,0
Tarragona,2012,53253,28647,15417,5000,2116,1143,611,179,81,40,12,7,0
Tarragona,2011,54534,29382,14946,5672,2235,1262,687,192,97,41,12,8,0
Tarragona,2010,55914,29384,16038,5710,2339,1340,737,185,121,43,11,6,0
Tarragona,2009,56915,28854,16668,5947,2593,1624,833,208,128,40,13,7,0
Tarragona,2008,58973,28773,17617,6438,2886,1841,983,240,125,51,13,6,0
Tarragona,2007,56799,27567,16852,6329,2865,1783,980,238,116,53,10,6,0
Tarragona,2006,52805,25265,15640,6107,2735,1722,941,216,116,49,9,5,0
Tarragona,2005,51159,24987,14982,5753,2502,1662,898,215,99,48,8,5,0
Tarragona,2004,49634,23702,14766,5719,2593,1670,843,200,83,44,9,5,0
Tarragona,2003,45777,22048,13561,5136,2393,1500,811,193,76,48,7,4,0
Tarragona,2002,44608,21696,13059,5015,2229,1468,818,190,80,42,4,7,0
Tarragona,2001,43550,21828,12518,4670,2118,1374,748,170,75,41,4,4,0
Tarragona,2000,42419,21909,11900,4402,1818,1339,779,161,67,36,4,3,1
Tarragona,1999,41184,21519,11602,4180,1711,1237,696,138,64,29,5,2,1
Teruel,2012,9212,4558,2911,989,405,215,106,17,5,5,1,0,0
Teruel,2011,9260,4597,2749,1087,440,231,123,21,6,5,1,0,0
Teruel,2010,9388,4592,2863,1091,440,239,129,22,7,4,1,0,0
Teruel,2009,9533,4677,2832,1098,466,270,149,24,10,4,2,1,0
Teruel,2008,9672,4662,2935,1114,460,304,151,28,9,6,3,0,0
Teruel,2007,9502,4632,2885,1076,453,271,144,25,9,4,3,0,0
Teruel,2006,9099,4520,2679,1041,427,260,129,27,7,6,3,0,0
Teruel,2005,8804,4397,2624,973,410,232,130,20,6,10,2,0,0
Teruel,2004,8705,4372,2640,919,396,234,109,17,10,4,4,0,0
Teruel,2003,8257,4216,2434,895,359,224,95,13,10,8,3,0,0
Teruel,2002,8017,4158,2305,866,340,230,90,15,9,4,0,0,0
Teruel,2001,7928,4175,2270,828,334,197,91,17,7,9,0,0,0
Teruel,2000,7927,4266,2228,808,289,209,98,18,7,4,0,0,0
Teruel,1999,7799,4262,2169,762,275,204,97,18,7,5,0,0,0
Toledo,2012,43717,23224,12812,4118,1745,1072,559,122,46,17,2,0,0
Toledo,2011,44854,23402,12619,4833,1949,1198,649,125,58,19,2,0,0
Toledo,2010,45223,22995,13141,4841,2039,1302,679,137,68,19,2,0,0
Toledo,2009,46799,23254,13609,5112,2228,1543,817,150,57,26,3,0,0
Toledo,2008,48502,23538,14275,5322,2421,1707,942,197,57,39,4,0,0
Toledo,2007,46342,22858,13362,5078,2270,1613,892,172,61,31,5,0,0
Toledo,2006,42789,21165,12068,4816,2168,1475,841,158,64,29,4,1,0
Toledo,2005,40416,20532,11255,4335,1901,1395,769,151,47,28,3,0,0
Toledo,2004,38457,19757,10588,4070,1783,1344,700,142,41,29,3,0,0
Toledo,2003,36001,18663,9757,3730,1704,1263,677,130,45,28,4,0,0
Toledo,2002,31783,16191,8514,3408,1645,1186,652,125,39,21,2,0,0
Toledo,2001,33158,17688,8520,3391,1601,1150,624,118,41,22,3,0,0
Toledo,2000,32793,18094,8187,3135,1400,1154,651,119,28,21,4,0,0
Toledo,1999,31992,17925,7948,2971,1314,1060,628,102,25,17,2,0,0
Total Nacional,2012,3199617,1764987,867550,288896,131944,79113,43070,12700,6434,3214,935,669,105
Total Nacional,2011,3250576,1795321,847952,313408,138040,84834,46160,13279,6585,3288,923,679,107
Total Nacional,2010,3291263,1774005,893005,318155,143016,88396,48765,13745,7098,3374,952,651,101
Total Nacional,2009,3355830,1767470,919092,332671,151233,101601,55641,15075,7672,3578,1008,678,111
Total Nacional,2008,3422239,1754374,958711,345848,160460,110369,61709,16242,8061,4511,1117,725,112
Total Nacional,2007,3336657,1706140,932526,340638,158159,108866,60738,15737,7780,4218,1072,684,99
Total Nacional,2006,3174393,1616883,881748,328820,154635,105470,58725,15087,7367,3908,999,658,93
Total Nacional,2005,3064129,1574166,850367,310787,145443,100211,56260,14394,7003,3817,967,630,84
Total Nacional,2004,2942583,1500396,818149,303783,143417,98245,53267,13470,6650,3590,945,592,79
Total Nacional,2003,2813159,1459938,760515,285651,136679,93823,51619,13486,6402,3540,878,550,78
Total Nacional,2002,2710400,1425332,716914,271764,131666,89840,50595,13468,6190,3276,815,466,74
Total Nacional,2001,2645317,1408792,692964,259764,126050,86308,48205,12953,5867,3180,744,418,72
Total Nacional,2000,2595392,1417221,666054,246660,108534,85259,49855,12362,5373,2910,697,396,71
Total Nacional,1999,2518801,1388116,648771,235131,101717,79423,45639,11348,4826,2740,663,362,65
Valencia,2012,173008,93865,48702,15560,6980,4306,2292,699,346,179,41,34,4
Valencia,2011,177018,95505,47991,17413,7442,4749,2544,756,357,186,36,35,4
Valencia,2010,178755,93537,50219,17909,7828,5073,2723,781,426,178,46,30,5
Valencia,2009,184483,93665,52224,19038,8576,6109,3209,907,484,185,52,29,5
Valencia,2008,189931,94007,54299,20118,9263,6720,3706,1009,467,256,54,28,4
Valencia,2007,185965,92172,52736,19741,9263,6637,3666,974,445,248,49,31,3
Valencia,2006,175927,86810,49633,18960,8789,6404,3635,956,448,211,50,27,4
Valencia,2005,168136,83948,46831,17714,8382,6141,3508,903,409,213,55,29,3
Valencia,2004,164148,82469,45216,17216,8259,6076,3381,862,391,204,48,24,2
Valencia,2003,153434,77173,41769,16143,7810,5844,3256,841,350,185,43,17,3
Valencia,2002,148348,75664,39296,15434,7616,5664,3251,834,374,162,35,13,5
Valencia,2001,146692,76164,38332,14974,7198,5457,3177,834,354,162,24,13,3
Valencia,2000,145466,77942,37003,14223,6287,5490,3194,809,317,155,32,10,4
Valencia,1999,142483,76654,36712,13834,5944,5211,2933,746,264,141,28,13,3
Valladolid,2012,34309,18384,9690,3186,1437,890,472,133,69,29,10,8,1
Valladolid,2011,34857,18727,9406,3536,1493,936,504,139,65,34,8,8,1
Valladolid,2010,35254,18684,9739,3485,1568,982,533,143,67,38,5,8,2
Valladolid,2009,35479,18292,9964,3631,1636,1063,609,156,78,33,9,6,2
Valladolid,2008,36053,18446,10128,3669,1711,1132,672,162,90,27,7,8,1
Valladolid,2007,35173,18137,9824,3512,1653,1112,650,153,84,33,5,9,1
Valladolid,2006,33494,17114,9441,3378,1589,1057,625,169,75,31,6,8,1
Valladolid,2005,32012,16392,8995,3260,1499,1011,591,154,65,31,6,7,1
Valladolid,2004,31152,16033,8702,3151,1447,1015,555,145,59,33,5,6,1
Valladolid,2003,30252,16013,8040,3037,1417,971,512,161,51,38,6,4,2
Valladolid,2002,29326,15830,7520,2876,1391,937,532,151,47,28,8,3,3
Valladolid,2001,29417,16315,7316,2804,1323,916,509,147,50,26,5,3,3
Valladolid,2000,29314,16702,7134,2638,1192,916,532,118,48,23,6,2,3
Valladolid,1999,27971,15935,6959,2468,1089,824,505,114,49,18,5,2,3
Zamora,2012,11977,6632,3454,1102,423,215,105,25,16,3,1,1,0
Zamora,2011,12008,6655,3254,1244,461,237,106,31,16,3,0,1,0
Zamora,2010,12098,6514,3502,1223,436,264,113,25,16,4,0,1,0
Zamora,2009,12378,6626,3525,1257,482,306,134,25,18,4,0,1,0
Zamora,2008,12572,6645,3617,1264,527,309,152,32,21,4,0,1,0
Zamora,2007,12486,6686,3551,1266,485,307,134,32,20,4,0,1,0
Zamora,2006,12114,6471,3508,1198,483,275,130,26,20,2,0,1,0
Zamora,2005,11915,6468,3427,1145,442,261,128,23,16,4,0,1,0
Zamora,2004,11771,6338,3420,1138,443,276,112,25,16,2,0,1,0
Zamora,2003,11519,6319,3338,1065,397,243,121,22,11,1,1,1,0
Zamora,2002,11358,6383,3146,1014,424,237,118,26,8,2,0,0,0
Zamora,2001,11447,6588,3108,1002,377,222,116,21,11,2,0,0,0
Zamora,2000,11326,6643,2993,963,359,227,115,16,9,1,0,0,0
Zamora,1999,11114,6660,2881,888,352,210,100,18,5,0,0,0,0
Zaragoza,2012,63753,34630,16984,5930,2874,1798,992,321,125,61,25,12,1
Zaragoza,2011,65218,35762,16385,6525,2937,1975,1057,345,143,53,25,9,2
Zaragoza,2010,66267,34878,17854,6620,3081,2098,1142,344,156,62,20,10,2
Zaragoza,2009,66913,34653,18095,6780,3163,2299,1276,368,162,78,22,14,3
Zaragoza,2008,68150,34311,18976,7078,3296,2390,1409,385,174,97,15,15,4
Zaragoza,2007,65966,33118,18390,6957,3178,2331,1366,342,154,96,18,13,3
Zaragoza,2006,62817,31626,17283,6646,3138,2264,1272,323,143,86,18,15,3
Zaragoza,2005,65811,34239,17988,6558,3033,2200,1212,322,136,85,19,16,3
Zaragoza,2004,62031,31768,17073,6430,2956,2110,1142,299,130,82,22,16,3
Zaragoza,2003,60210,31358,16015,6150,2935,2069,1146,286,142,72,20,14,3
Zaragoza,2002,59627,31712,15499,5889,2838,1992,1158,294,135,78,19,12,1
Zaragoza,2001,59083,32254,14966,5618,2684,1970,1084,283,122,70,20,11,1
Zaragoza,2000,54211,28127,14615,5430,2416,1976,1169,260,118,75,14,10,1
Zaragoza,1999,57303,31993,14511,5202,2216,1853,1085,245,113,61,14,9,1